3.22092401351;-0.00126621135014;25.2593497262;-0.0006;0.002;0.0
2.9830164693;-2.25410399403;25.261425765;-2.2691;1.917;2.515
3.34431501742;1.49200028675;25.28092661;1.4995;4.06;5.468
3.36911796068;1.49045692423;25.2850943854;1.4995;4.098;8.312
3.386324236;1.49022160309;25.2853004583;1.4995;4.111;11.172
3.40149131742;1.49441866302;25.2725097335;1.4995;4.136;14.062
3.41478028068;1.49159432404;25.2558033032;1.4995;4.149;16.906
3.42692806034;1.48972255839;25.2297419416;1.4995;4.161;19.75
3.43851848676;1.48905442505;25.2139472887;1.4995;4.174;22.578
3.44989138519;1.48996817595;25.2059466814;1.4995;4.187;25.422
3.46072648204;1.49442550179;25.1929876566;1.4995;4.187;28.265
3.4709185161;1.49056853914;25.1776191003;1.4995;4.2;31.156
3.48042197193;1.49044354668;25.1634627499;1.4995;4.212;34.031
3.49007545839;1.49014579493;25.1535060351;1.4995;4.225;36.937
3.49926603575;1.49053265049;25.1239654882;1.4995;4.225;39.812
3.50777120004;1.49296514371;25.1069133232;1.4995;4.238;42.656
3.51611141089;1.49011866909;25.0921963722;1.4995;4.25;45.515
3.5243091202;1.48968453394;25.078283968;1.4995;4.25;48.375
3.53211345647;1.49196055878;25.0712898479;1.4995;4.263;51.25
3.53971611669;1.48942126751;25.0628749623;1.4995;4.276;54.14
3.54764091477;1.49329110336;25.0411162705;1.4995;4.276;57.015
3.55469259813;1.49236905992;25.0303431808;1.4995;4.288;59.89
3.56177896365;1.49227212293;25.0108275843;1.4995;4.301;62.765
3.56837649624;1.4941911046;25.0035148892;1.4995;4.301;65.672
3.57529539005;1.49256421441;24.9889359898;1.4995;4.314;68.578
3.58193366539;1.48840706432;24.9755276196;1.4995;4.314;71.531
3.58836159626;1.4931509192;24.9647656343;1.4995;4.314;74.453
3.59472057249;1.48988402099;24.9496435351;1.4995;4.326;77.39
3.60072063747;1.49017023199;24.9374491497;1.4995;4.339;80.312
3.60688224317;1.49174698401;24.9267659;1.4995;4.339;83.281
3.61262561358;1.4930703684;24.915531993;1.4995;4.352;86.218
3.61836884418;1.49366419554;24.9041999916;1.4995;4.352;89.125
3.62398530717;1.49021723618;24.893828204;1.4995;4.364;92.109
3.62948585228;1.49203165777;24.8770257458;1.4995;4.364;95.062
3.63470174322;1.48965741003;24.8622803275;1.4995;4.364;97.984
3.63996714065;1.49176630015;24.8441437483;1.4995;4.377;101.0
3.64516614506;1.49443707681;24.8437792892;1.4995;4.377;103.984
3.65037014205;1.49049704982;24.8245665368;1.4995;4.39;106.953
3.65515713097;1.49023412196;24.8181870306;1.4995;4.39;109.953
3.66027069104;1.49079957719;24.8037120021;1.4995;4.39;112.922
3.66453013923;1.49160581218;24.8000827327;1.4995;4.402;115.859
3.66959519114;1.49170687314;24.7872485688;1.4995;4.402;118.859
3.67384886814;1.48850856463;24.7786616955;1.4995;4.402;121.875
3.67823902068;1.49293386961;24.7614678726;1.4995;4.415;124.843
3.68282280563;1.49402116818;24.7518813096;1.4995;4.415;127.843
3.68717003259;1.49350481652;24.7405907509;1.4995;4.428;130.859
3.69148950231;1.48921890302;24.7377778688;1.4995;4.428;133.906
3.69583131894;1.49258321894;24.7312001075;1.4995;4.428;136.922
3.70001612271;1.49341652071;24.7151039896;1.4995;4.44;139.968
3.70404566855;1.49366256509;24.7034619802;1.4995;4.44;142.984
3.70791175395;1.4930894309;24.6909994248;1.4995;4.44;146.015
3.71194816215;1.4895745267;24.6942293013;1.4995;4.453;149.078
3.71589053363;1.49171833396;24.6837900904;1.4995;4.453;152.125
3.71969799636;1.49047123989;24.6691194683;1.4995;4.453;155.218
3.72362686265;1.49075736425;24.6630405683;1.4995;4.466;158.265
3.72728591236;1.49306445808;24.6539342412;1.4995;4.466;161.328
3.73086384357;1.49401682384;24.6420263174;1.4995;4.466;164.406
3.73443936963;1.492272619;24.6281995789;1.4995;4.466;167.531
3.7376631802;1.49040591379;24.6158451738;1.4995;4.479;170.609
3.74125443153;1.49001206627;24.6053377143;1.4995;4.479;173.734
3.74480290267;1.49256067858;24.5981322638;1.4995;4.479;176.812
3.74812678955;1.4915633023;24.5921536478;1.4995;4.491;179.922
3.75163591859;1.49092864729;24.5801280722;1.4995;4.491;183.062
3.75520758537;1.49323070632;24.5741699553;1.4995;4.491;186.203
3.75844050049;1.48933361067;24.5572699456;1.4995;4.491;189.437
3.76163973733;1.49260749861;24.5385720211;1.4995;4.491;192.625
3.76495119539;1.49530993116;24.5255539198;1.4995;4.504;195.765
3.76795180865;1.49188990303;24.5084179067;1.4995;4.504;198.906
3.77104091915;1.4919695684;24.4970716252;1.4995;4.504;202.062
3.7743069044;1.49093793171;24.4790292588;1.4995;4.504;205.218
3.77727497692;1.49228861212;24.4742568094;1.4995;4.517;208.453
3.78003776578;1.49004635695;24.4690693865;1.4995;4.517;211.593
3.78291144826;1.48974200841;24.467913056;1.4995;4.517;214.75
3.78610341087;1.48982366922;24.4566059245;1.4995;4.517;217.937
3.78917238988;1.49171380915;24.4551789252;1.4995;4.529;221.093
3.79179008146;1.4917738146;24.4426774148;1.4995;4.529;224.359
3.79444061234;1.49238207475;24.4412434454;1.4995;4.529;227.562
3.79723494296;1.4905013214;24.4347507644;1.4995;4.529;230.765
3.79982538849;1.49175099792;24.4330178444;1.4995;4.529;233.984
3.80233628988;1.49230811424;24.4258311447;1.4995;4.542;237.297
3.80506158729;1.49086719917;24.4082878513;1.4995;4.542;240.531
3.80736216867;1.49492056399;24.3994394376;1.4995;4.542;243.765
3.810039502;1.49145795476;24.389983969;1.4995;4.542;247.062
3.81235349566;1.49290523146;24.3929240404;1.4995;4.542;250.343
3.81460664715;1.48995550478;24.3861645182;1.4995;4.555;253.672
3.8168155862;1.48934497834;24.3746726413;1.4995;4.555;256.968
3.8190619483;1.49145075105;24.3684804628;1.4995;4.555;260.328
3.82087853318;1.4912365831;24.3579091423;1.4995;4.555;263.609
3.82296094715;1.49305864251;24.3507652681;1.4995;4.555;266.953
3.82475811514;1.49209163618;24.3368376609;1.4995;4.555;270.25
3.82615867173;1.48937293246;24.3299895938;1.4995;4.555;273.578
3.82795868289;1.49069901891;24.3282246589;1.4995;4.567;276.953
3.82930434902;1.4882185484;24.3225125999;1.4995;4.567;280.312
3.83076212686;1.49162854564;24.3185898768;1.4995;4.567;283.672
3.83196936397;1.49057832127;24.3107404134;1.4995;4.567;287.078
3.83364958815;1.49240304272;24.3197096452;1.4995;4.567;290.5
3.83459727683;1.49162691226;24.3033903136;1.4995;4.567;293.89
3.83579767411;1.49294975962;24.2896163093;1.4995;4.567;297.312
3.83642968193;1.49086648973;24.2916807316;1.4995;4.58;300.734
3.83769857436;1.49045982562;24.286196097;1.4995;4.567;304.14
3.83843153336;1.49262484944;24.2774767699;1.4995;4.58;307.593
3.83942082923;1.48811653383;24.2703413583;1.4995;4.58;311.047
3.84047030073;1.49237830231;24.2673733645;1.4995;4.58;314.515
3.84111305432;1.4928639995;24.2691575469;1.4995;4.58;317.968
3.84181659119;1.49068908923;24.2622788052;1.4995;4.58;321.437
3.84257360151;1.49292759727;24.2625755005;1.4995;4.58;324.89
3.84345921405;1.49167674594;24.2521992601;1.4995;4.58;328.422
3.84407144624;1.49128832324;24.2490139894;1.4995;4.58;331.922
3.84489071444;1.48833730936;24.2418566196;1.4995;4.58;335.453
3.84566086759;1.49304998596;24.2422865717;1.4995;4.58;339.047
3.84619267196;1.49096022292;24.245830003;1.4995;4.58;342.578
3.84692137791;1.49363022085;24.240381358;1.4995;4.58;346.125
3.84752982618;1.4914610285;24.2428618285;1.4995;4.58;349.75
3.84817242673;1.48836117104;24.2321605516;1.4995;4.593;353.343
3.84898536337;1.49332153015;24.2266977261;1.4995;4.58;356.906
3.8495156845;1.49099415255;24.2292004297;1.4995;4.58;360.531
3.85053995218;1.49216281393;24.2297150532;1.4995;4.58;364.156
3.85100980257;1.48974199532;24.2251517117;1.4995;4.593;367.812
3.85146183111;1.49667325915;24.2142987314;1.4995;4.593;371.437
3.85232597481;1.4948120488;24.2194517757;1.4995;4.593;375.093
3.85261775387;1.4887653578;24.2182960951;1.4995;4.593;378.797
3.85334170927;1.49315945538;24.2164809135;1.4995;4.593;382.468
3.85424947449;1.48732574433;24.2086172216;1.4995;4.593;386.156
3.8549886637;1.49206095199;24.20879703;1.4995;4.593;389.922
3.85590437716;1.48966617689;24.2101249837;1.4995;4.593;393.64
3.85627174772;1.4907624812;24.192126933;1.4995;4.593;397.39
3.85725087547;1.49161674481;24.1883736066;1.4995;4.593;401.109
3.85771303239;1.4886610506;24.196433553;1.4995;4.593;404.859
3.85863344303;1.49125897761;24.2025944963;1.4995;4.593;408.625
3.85915193225;1.49308802408;24.1964243328;1.4995;4.593;412.406
3.85990257414;1.49295382864;24.2020890081;1.4995;4.593;416.172
3.86074304524;1.49200628506;24.1877897384;1.4995;4.593;419.953
3.86131370315;1.49243862412;24.1851296393;1.4995;4.605;423.765
3.86199177186;1.49142272651;24.1792884574;1.4995;4.605;427.578
3.86272758755;1.49132083146;24.1849619948;1.4995;4.605;431.406
3.86367954443;1.4950624808;24.1896108703;1.4995;4.605;435.343
3.86419745016;1.49131576668;24.1859073852;1.4995;4.605;439.187
3.86496880081;1.49016005679;24.180676214;1.4995;4.605;443.078
3.86570730418;1.49000957576;24.1823812179;1.4995;4.605;447.015
3.86669421921;1.49472526157;24.189901569;1.4995;4.605;450.953
3.86700586534;1.49333200016;24.1917699892;1.4995;4.605;454.906
3.86834486429;1.4900183768;24.185104647;1.4995;4.605;458.859
3.86855484674;1.49188862687;24.179061489;1.4995;4.605;462.812
3.869631803;1.48786786448;24.1773352481;1.4995;4.605;466.75
3.87014883405;1.49144012372;24.1739251855;1.4995;4.605;470.734
3.87087876179;1.49159978368;24.1856654925;1.4995;4.605;474.765
3.87163687053;1.49167474533;24.1853116304;1.4995;4.605;478.812
3.87252440861;1.49206795419;24.1798492229;1.4995;4.605;482.843
3.87308679647;1.4935145786;24.1868312282;1.4995;4.605;486.89
3.87396238806;1.492426994;24.1863185861;1.4995;4.605;490.953
3.87431897118;1.49221771389;24.1894817461;1.4995;4.605;495.031
3.87557166718;1.49233942407;24.1903708125;1.4995;4.618;499.109
3.8760580876;1.49214145121;24.1947273896;1.4995;4.618;503.265
3.87692876947;1.49146124194;24.1881970462;1.4995;4.618;507.437
3.87767844116;1.49106073898;24.1940097656;1.4995;4.618;511.547
3.87822544779;1.48902852411;24.1946518793;1.4995;4.618;515.672
3.87892150453;1.4923183059;24.19061186;1.4995;4.618;519.828
3.87977153424;1.49133211234;24.1967926154;1.4995;4.618;524.062
3.8804083957;1.48978351725;24.1908568866;1.4995;4.618;528.25
3.88123135578;1.49367007179;24.1979813669;1.4995;4.618;532.437
3.88170680509;1.4918976282;24.1960666301;1.4995;4.618;536.703
3.88265447885;1.49155751111;24.2047044225;1.4995;4.618;540.922
3.88355017918;1.49357858454;24.2006232409;1.4995;4.618;545.187
3.88443785281;1.49290572337;24.1904519644;1.4995;4.618;549.437
3.88502616842;1.48717568552;24.1991244801;1.4995;4.618;553.718
3.88554302734;1.49372844809;24.2002988914;1.4995;4.618;558.047
3.88653037175;1.49255640415;24.2025289546;1.4995;4.618;562.422
3.88713993239;1.49397817733;24.1997062033;1.4995;4.618;566.797
3.88777198545;1.4901567856;24.2003732143;1.4995;4.631;571.172
3.88866032597;1.49189682373;24.202212579;1.4995;4.631;575.562
3.88930018645;1.49581565404;24.1994777529;1.4995;4.631;579.953
3.89012658482;1.4937067629;24.2087083627;1.4995;4.631;584.343
3.89110840448;1.49248874193;24.1977126044;1.4995;4.631;588.75
3.89170591296;1.4917532219;24.2053368267;1.4995;4.631;593.14
3.89256088697;1.49278119612;24.2132617471;1.4995;4.631;597.687
3.89323829432;1.49203815063;24.2033313004;1.4995;4.631;602.187
3.89372873331;1.49230227179;24.2208931178;1.4995;4.631;606.718
3.89478471032;1.49336560079;24.2237806389;1.4995;4.631;611.218
3.89537428044;1.49311158217;24.2209835919;1.4995;4.631;615.734
3.89610621053;1.49320398692;24.2148294598;1.4995;4.631;620.281
3.89665103139;1.490672948;24.2209946898;1.4995;4.631;624.812
3.89770905023;1.49256892095;24.219558184;1.4995;4.631;629.39
3.89818162217;1.49140961275;24.2276683269;1.4995;4.643;633.984
3.8993608076;1.49618317246;24.2347042723;1.4995;4.631;638.578
3.89973048465;1.49047972796;24.2307231377;1.4995;4.643;643.234
3.90054135143;1.49111438871;24.2386307417;1.4995;4.643;647.906
3.90125467078;1.49115885011;24.2308150969;1.4995;4.643;652.609
3.90197511067;1.49053228078;24.2348772698;1.4995;4.643;657.328
3.90265763356;1.49388496868;24.2402962479;1.4995;4.643;662.0
3.90350441158;1.49095615998;24.2453360136;1.4995;4.643;666.734
3.90425769397;1.49109869141;24.2400454577;1.4995;4.643;671.453
3.90512274753;1.49131197866;24.2479853067;1.4995;4.643;676.203
3.90559526818;1.49283518692;24.2551287205;1.4995;4.643;680.968
3.90644967677;1.49081402515;24.2579757628;1.4995;4.643;685.828
3.90727446302;1.49323607805;24.2614034381;1.4995;4.643;690.609
3.90787045344;1.48974677528;24.2629397801;1.4995;4.643;695.437
3.90875924295;1.49249751152;24.2698311287;1.4995;4.643;700.281
3.9095674602;1.49162904446;24.2681709573;1.4995;4.643;705.109
3.91027883239;1.49326649481;24.2697730221;1.4995;4.643;710.047
3.91090828819;1.49184694864;24.2663624733;1.4995;4.643;714.937
3.91146281179;1.49236922605;24.2777685685;1.4995;4.656;719.859
3.91222082382;1.49278436764;24.2764291081;1.4995;4.656;724.812
3.91290871581;1.49341989581;24.2703137215;1.4995;4.656;729.828
3.9138832437;1.49360765786;24.2806734294;1.4995;4.656;734.843
3.91436044721;1.48963528139;24.2882788288;1.4995;4.656;739.875
3.91519196806;1.48884001094;24.2899717576;1.4995;4.656;744.89
3.91588823024;1.48969753137;24.2844174436;1.4995;4.656;750.031
3.91637031761;1.49214827154;24.2988576689;1.4995;4.656;755.125
3.91722507717;1.49398394835;24.3030210772;1.4995;4.656;760.265
3.91781097313;1.49320192153;24.2946655994;1.4995;4.656;765.359
3.918665236;1.49151128862;24.2986020625;1.4995;4.656;770.484
3.91886391988;1.49064585995;24.2924447221;1.4995;4.656;775.656
3.91978147;1.49255992424;24.3003034404;1.4995;4.656;780.797
3.92044932564;1.4898437969;24.2944317791;1.4995;4.656;786.031
3.92095722624;1.49121143848;24.2937519443;1.4995;4.656;791.218
3.92178719759;1.49209894001;24.3004339424;1.4995;4.656;796.468
3.92213897733;1.49143527285;24.313145035;1.4995;4.656;801.734
3.92306194619;1.4895605503;24.3146061356;1.4995;4.656;807.047
3.92355620046;1.49578382572;24.3197004778;1.4995;4.656;812.375
3.92422427009;1.49196503624;24.3143737699;1.4995;4.656;817.718
3.92466357147;1.49567183825;24.3245338981;1.4995;4.656;823.078
3.92532900336;1.49226817761;24.3234214539;1.4995;4.656;828.406
3.92587301873;1.4908130353;24.3282424545;1.4995;4.656;833.765
3.92667215645;1.49339881464;24.3279634307;1.4995;4.669;839.14
3.92694347734;1.48971678223;24.3269504637;1.4995;4.669;844.578
3.92749432325;1.48826976354;24.324227005;1.4995;4.669;850.015
3.92830460405;1.49390625422;24.3323249594;1.4995;4.669;855.515
3.92878687799;1.49198231222;24.3395115588;1.4995;4.669;860.984
3.92930536194;1.48998190145;24.3455761179;1.4995;4.669;866.5
3.92998148348;1.48880119281;24.3530032458;1.4995;4.669;872.093
3.93074539516;1.49399319286;24.356575438;1.4995;4.669;877.656
3.93089565315;1.49291952428;24.3585546566;1.4995;4.669;883.25
3.93136760376;1.48959005853;24.3487557032;1.4995;4.669;888.859
3.93202697971;1.48966798767;24.3532019732;1.4995;4.669;894.484
3.93264581642;1.49375173673;24.3585411634;1.4995;4.669;900.109
3.93339057851;1.49165889068;24.360400653;1.4995;4.669;905.765
3.93369960216;1.4906303127;24.3521504497;1.4995;4.669;911.437
3.9342208067;1.48939232027;24.3632689041;1.4995;4.669;917.14
3.93484845951;1.49214291214;24.3701159388;1.4995;4.669;922.875
3.93553684451;1.49234474692;24.3726022676;1.4995;4.669;928.656
3.93578216596;1.4917048947;24.3691680918;1.4995;4.669;934.422
3.93615915614;1.49056634899;24.3729166242;1.4995;4.669;940.234
3.93666416118;1.49172002264;24.3688363092;1.4995;4.669;946.047
3.9371789767;1.49135992477;24.3797346257;1.4995;4.669;951.906
3.93743925387;1.49110987076;24.3910067009;1.4995;4.681;957.797
3.93807927721;1.4910615985;24.3968090537;1.4995;4.681;963.734
3.93857775147;1.49020220431;24.4008903618;1.4995;4.681;969.64
3.93905526823;1.49393884051;24.3977308497;1.4995;4.681;975.593
3.9396068512;1.49439003061;24.4126401887;1.4995;4.681;981.64
3.94018056362;1.49350572382;24.4030103688;1.4995;4.681;987.625
3.94070961163;1.49184268945;24.4155621667;1.4995;4.681;993.625
3.94090189553;1.49095857742;24.4256976213;1.4995;4.681;999.672
3.94173145354;1.49204620081;24.4243961848;1.4995;4.681;1005.765
3.94210941888;1.49094001958;24.4269428505;1.4995;4.681;1011.843
3.94247262236;1.49182845799;24.4353989588;1.4995;4.681;1018.0
3.94314294606;1.49202671365;24.4375347517;1.4995;4.681;1024.109
3.94368868399;1.49297475102;24.4392401655;1.4995;4.681;1030.265
3.94401180125;1.49027658781;24.44349838;1.4995;4.681;1036.468
3.9442873102;1.49432143702;24.4435522569;1.4995;4.681;1042.703
3.94510741327;1.49004285586;24.4488954758;1.4995;4.681;1048.922
3.94530634916;1.49161003047;24.4531935951;1.4995;4.681;1055.172
3.94576606082;1.48986269136;24.4526829405;1.4995;4.681;1061.437
3.9462256292;1.49594215395;24.4755797246;1.4995;4.681;1067.797
3.9467106426;1.49288509907;24.4811896702;1.4995;4.681;1074.109
3.94737512175;1.4916181073;24.4820183382;1.4995;4.681;1080.422
3.94778674173;1.49438852241;24.4878621336;1.4995;4.681;1086.797
3.94826003662;1.49197138679;24.4937273187;1.4995;4.681;1093.218
3.94885376208;1.49198182978;24.5016600709;1.4995;4.681;1099.593
3.94901072006;1.4934647382;24.5079021252;1.4995;4.681;1106.0
3.94968308341;1.49249578388;24.5105440373;1.4995;4.681;1112.422
3.95038017539;1.49056299589;24.5196979282;1.4995;4.681;1118.906
3.95059466602;1.493587469;24.5219714857;1.4995;4.681;1125.468
3.95086479025;1.48695818078;24.5342202352;1.4995;4.694;1132.031
3.95156595275;1.49215074243;24.5448505734;1.4995;4.694;1138.609
3.95189036559;1.49299936764;24.5447842877;1.4995;4.694;1145.203
3.952458839;1.4910959756;24.5508981162;1.4995;4.694;1151.781
3.95327933628;1.48770572198;24.5541882406;1.4995;4.694;1158.422
3.95366212918;1.49172781772;24.5691316955;1.4995;4.694;1165.093
3.95409155424;1.49005699268;24.5835505767;1.4995;4.694;1171.828
3.95447954853;1.48913436791;24.5884834994;1.4995;4.694;1178.547
3.95523779941;1.49245301669;24.5923829239;1.4995;4.694;1185.312
3.95539380273;1.48773385457;24.5913370563;1.4995;4.694;1192.156
3.95590277518;1.49093171751;24.5983352225;1.4995;4.694;1198.953
3.95658672496;1.49162590757;24.6128921144;1.4995;4.694;1205.812
3.95690661803;1.49410644217;24.6129083979;1.4995;4.694;1212.687
3.95823626586;1.49017974971;24.6145588597;1.4995;4.694;1219.593
3.95826724686;1.49180897755;24.6255321532;1.4995;4.694;1226.578
3.9591298163;1.48908754842;24.6288228027;1.4995;4.694;1233.484
3.95962454754;1.49031262756;24.6375638856;1.4995;4.694;1240.453
3.96000542784;1.49039195511;24.6399308961;1.4995;4.694;1247.453
3.96061516515;1.49110548098;24.6396426997;1.4995;4.694;1254.625
3.96119603331;1.49272038117;24.6569243775;1.4995;4.694;1261.687
3.96174221463;1.49220967295;24.6672029779;1.4995;4.694;1268.75
3.96234730094;1.49349430872;24.6725230944;1.4995;4.707;1275.89
3.9628236575;1.49384333698;24.6851246445;1.4995;4.694;1283.031
3.96346971894;1.4937355939;24.6848142936;1.4995;4.707;1290.203
3.96392262281;1.49278701226;24.6981100603;1.4995;4.707;1297.406
3.96484886139;1.49311337337;24.7005209013;1.4995;4.707;1304.593
3.96540402451;1.49463610056;24.720931838;1.4995;4.707;1311.828
3.96567045423;1.4927196377;24.7200353356;1.4995;4.707;1319.125
3.96651600186;1.49191114399;24.7445583956;1.4995;4.707;1326.531
3.966999646;1.4936686458;24.7500303441;1.4995;4.707;1333.859
3.96751319358;1.49129301683;24.7511412798;1.4995;4.707;1341.281
3.96833392935;1.49004810406;24.7616926235;1.4995;4.707;1348.64
3.96880624002;1.49108845602;24.7723373346;1.4995;4.707;1356.047
3.96955480422;1.49367804479;24.7869779902;1.4995;4.707;1363.5
3.96989710252;1.49154419615;24.797460825;1.4995;4.707;1371.0
3.97056762492;1.49010795545;24.7965920121;1.4995;4.707;1378.5
3.9712320012;1.49273102956;24.8050977393;1.4995;4.707;1386.031
3.97174397746;1.49229245145;24.8197683971;1.4995;4.707;1393.593
3.97240693365;1.49061065349;24.8191546388;1.4995;4.707;1401.14
3.97312894457;1.49071351961;24.82996124;1.4995;4.707;1408.718
3.97355248106;1.49261346006;24.832231407;1.4995;4.707;1416.375
3.97433265029;1.49203053429;24.8425717227;1.4995;4.707;1424.0
3.97491048317;1.49193101616;24.8460792425;1.4995;4.707;1431.703
3.97557411478;1.49393989905;24.8653788398;1.4995;4.719;1439.359
3.97603492602;1.49232254627;24.8802525694;1.4995;4.719;1447.125
3.97667189192;1.49155514882;24.890385335;1.4995;4.719;1454.875
3.97704265907;1.49379434492;24.9028582291;1.4995;4.719;1462.672
3.97775043281;1.49379361169;24.9122061603;1.4995;4.719;1470.515
3.97832885246;1.49310695822;24.9080105062;1.4995;4.719;1478.328
3.97917473869;1.49431495879;24.9321593559;1.4995;4.719;1486.187
3.97972492272;1.49405003267;24.9403171662;1.4995;4.719;1494.062
3.98019583833;1.4884076845;24.9559212312;1.4995;4.719;1502.015
3.98073798467;1.4923715897;24.9585493326;1.4995;4.719;1509.968
3.98152541137;1.49299360609;24.973383203;1.4995;4.719;1517.89
3.98219586429;1.49128840735;24.9714758352;1.4995;4.719;1525.89
3.98252539314;1.49264997606;24.9813213401;1.4995;4.719;1533.843
3.98315148723;1.49129033558;24.9974382891;1.4995;4.719;1541.875
3.98369220526;1.49212518654;25.0107314979;1.4995;4.719;1549.906
3.9843410394;1.49050147932;25.0142788372;1.4995;4.719;1557.984
3.98485167851;1.49012052725;25.0359432229;1.4995;4.719;1566.093
3.98576394514;1.49041129649;25.0433983264;1.4995;4.719;1574.234
3.98603506737;1.49221886355;25.0457427075;1.4995;4.719;1582.39
3.98688475702;1.49054394684;25.0672336399;1.4995;4.732;1590.656
3.98746650147;1.48979081466;25.078663999;1.4995;4.719;1598.89
3.98813009657;1.49336895058;25.0854650368;1.4995;4.732;1607.187
3.98858685292;1.49141664286;25.0927536805;1.4995;4.732;1615.265
3.98952212473;1.49134227989;25.111990867;1.4995;4.732;1623.375
3.98989312388;1.48966515523;25.1091850407;1.4995;4.732;1631.547
3.99039619043;1.49146837122;25.1335617435;1.4995;4.732;1639.718
3.99136734957;1.49259567759;25.1450275015;1.4995;4.732;1647.953
3.99190197281;1.49187418977;25.1533967493;1.4995;4.732;1656.218
3.99270345486;1.49191454122;25.1744751775;1.4995;4.732;1664.484
3.99301085381;1.49234106151;25.1804392126;1.4995;4.732;1672.812
3.99346966425;1.49191739765;25.2063118489;1.4995;4.732;1681.125
3.99411079755;1.49033303304;25.2162145696;1.4995;4.732;1689.515
3.994551893;1.49150169445;25.2225790643;1.4995;4.732;1697.922
3.995194918;1.49094454547;25.2290385311;1.4995;4.732;1706.312
3.99610833059;1.49030687046;25.2543510703;1.4995;4.732;1714.797
3.99659043095;1.48922904984;25.2636355682;1.4995;4.732;1723.343
3.99734818313;1.49294308751;25.2756931842;1.4995;4.732;1731.875
3.99764531459;1.49148047622;25.2843463996;1.4995;4.732;1740.453
3.99843677522;1.49176496543;25.2969115762;1.4995;4.732;1749.031
3.99912026667;1.48816365844;25.3062400579;1.4995;4.732;1757.672
3.9992846201;1.4900133562;25.3227505852;1.4995;4.732;1766.297
4.00042109072;1.49375355136;25.3288389588;1.4995;4.745;1775.0
4.00134812137;1.49367642743;25.3495790181;1.4995;4.745;1783.75
4.00191342957;1.48993870443;25.3575975029;1.4995;4.745;1792.515
4.00272850188;1.49212608221;25.3764774947;1.4995;4.745;1801.297
4.00363044517;1.49151538785;25.3953926687;1.4995;4.745;1809.875
4.00412274844;1.49043341222;25.4178221878;1.4995;4.745;1818.453
4.0044558161;1.49132293593;25.4154696052;1.4995;4.745;1827.078
4.00518572581;1.48995282622;25.4258271084;1.4995;4.745;1835.703
4.00595318397;1.4919599181;25.4401478722;1.4995;4.745;1844.375
4.00657952937;1.49343294359;25.449332233;1.4995;4.745;1853.109
4.00736545787;1.49335647424;25.4651437263;1.4995;4.745;1861.797
4.00826269267;1.49135564045;25.481813358;1.4995;4.745;1870.64
4.00892064454;1.49337315975;25.4945567391;1.4995;4.745;1879.437
4.00942351998;1.49095578084;25.5051898799;1.4995;4.745;1888.312
4.01004917761;1.48967372985;25.5247500754;1.4995;4.745;1897.234
4.01077768467;1.49271094174;25.529418057;1.4995;4.745;1906.14
4.01164995865;1.49304974939;25.5475443813;1.4995;4.745;1915.093
4.01260897165;1.49017192511;25.5647338685;1.4995;4.745;1924.109
4.01306117801;1.49362482882;25.579162838;1.4995;4.745;1933.172
4.01372551903;1.48982121654;25.5879481881;1.4995;4.757;1942.234
4.0144899027;1.49010011443;25.6048203482;1.4995;4.757;1951.297
4.01517077701;1.49101921845;25.6194006617;1.4995;4.757;1960.406
4.01607682259;1.49182287885;25.6314226073;1.4995;4.757;1969.625
4.01701355559;1.49054048;25.6489306915;1.4995;4.757;1978.859
4.01756533593;1.48951558917;25.6579849689;1.4995;4.757;1988.062
4.01860264625;1.494172069;25.6834097715;1.4995;4.757;1997.359
4.01942201476;1.48991268392;25.6887489026;1.4995;4.757;2006.593
4.02026586328;1.49306222318;25.7005050409;1.4995;4.757;2015.25
4.02047241293;1.49003767219;25.7164511246;1.4995;4.757;2023.937
4.02149218374;1.48924634944;25.7346024862;1.4995;4.757;2032.656
4.02248904328;1.49470475459;25.7442801391;1.4995;4.757;2041.39
4.0233039873;1.49282355371;25.7586012366;1.4995;4.757;2050.109
4.02428911092;1.49462734812;25.7765019408;1.4995;4.757;2058.89
4.02483630426;1.49145293442;25.7786776115;1.4995;4.757;2067.703
4.0255467016;1.49072264561;25.7839127601;1.4995;4.77;2076.609
4.02643546155;1.49036390493;25.8011449254;1.4995;4.757;2085.5
4.02722005842;1.48958569955;25.8223596339;1.4995;4.77;2094.437
4.02802585382;1.49080697253;25.842304113;1.4995;4.77;2103.375
4.02889719112;1.49043829926;25.8524272993;1.4995;4.77;2112.343
4.02997044758;1.49260160541;25.8665205777;1.4995;4.77;2121.375
4.0307792044;1.49342560005;25.8824684753;1.4995;4.77;2130.453
4.03155579128;1.4929461948;25.8968678611;1.4995;4.77;2139.547
4.03246999128;1.49050586801;25.9150925873;1.4995;4.77;2148.734
4.03309871778;1.4909284892;25.9288388964;1.4995;4.77;2157.859
4.03410904645;1.49263714609;25.9361152488;1.4995;4.77;2167.031
4.03501221054;1.49085167645;25.9399830284;1.4995;4.77;2176.281
4.03599995902;1.49087395289;25.9574191521;1.4995;4.77;2185.531
4.03671541166;1.49462578608;25.9684421063;1.4995;4.77;2194.781
4.03786985355;1.49011072374;25.992488618;1.4995;4.77;2204.125
4.03892194479;1.4904276689;26.0212747039;1.4995;4.77;2213.515
4.03970753477;1.4931026409;26.0324930646;1.4995;4.783;2222.906
4.04055785876;1.49134724279;26.0446167471;1.4995;4.783;2232.343
4.04163624555;1.49173581804;26.0631136271;1.4995;4.783;2241.765
4.04266309564;1.49186402947;26.0930685745;1.4995;4.783;2251.234
4.04385951348;1.4879507553;26.0886906621;1.4995;4.783;2260.812
4.04475804128;1.48900662728;26.0989406122;1.4995;4.783;2270.343
4.04567775477;1.48901604454;26.1087065766;1.4995;4.783;2279.937
4.046901294;1.49421276163;26.1378917663;1.4995;4.783;2289.515
4.04734298366;1.49299680677;26.1444945932;1.4995;4.783;2299.156
4.04884378269;1.49217262307;26.1621738991;1.4995;4.783;2308.859
4.04994958954;1.48960207743;26.1769370018;1.4995;4.783;2318.593
4.05085158432;1.49980857167;26.1914347876;1.4995;4.783;2328.359
4.05226073958;1.49323541015;26.2152447619;1.4995;4.796;2338.234
4.053219218;1.49534470056;26.2405028066;1.4995;4.796;2348.062
4.0540796737;1.49052030549;26.2566100002;1.4995;4.796;2357.953
4.05528518033;1.49086628805;26.2677594102;1.4995;4.796;2367.781
4.05635423382;1.49107484051;26.2806807752;1.4995;4.796;2377.687
4.05782528633;1.49432106383;26.2934719923;1.4995;4.796;2387.625
4.05892041672;1.4931539934;26.314649503;1.4995;4.796;2397.625
4.05998222433;1.49316154478;26.3238508488;1.4995;4.796;2407.656
4.06144256009;1.49197646272;26.3371036946;1.4995;4.796;2417.718
4.06237928196;1.49437724626;26.3599630681;1.4995;4.796;2427.75
4.06351076357;1.48982435233;26.3762584997;1.4995;4.796;2437.937
4.06491427076;1.49163997164;26.3891354555;1.4995;4.808;2448.093
4.06625629816;1.49193658007;26.4148897524;1.4995;4.808;2458.312
4.06736988731;1.49200201501;26.4212706979;1.4995;4.808;2468.578
4.0684022322;1.49288954385;26.443298941;1.4995;4.808;2478.953
4.0696098;1.48859553398;26.4728611141;1.4995;4.808;2489.297
4.07121319001;1.48822596027;26.4879818726;1.4995;4.808;2499.656
4.07233145398;1.49320006736;26.4954150281;1.4995;4.808;2510.031
4.07356343808;1.49199567814;26.5125183241;1.4995;4.808;2519.797
4.0750194098;1.48727697004;26.5243253556;1.4995;4.808;2529.64
4.07600681149;1.48792046341;26.527561312;1.4995;4.808;2539.437
4.07774409791;1.49248466993;26.5580953419;1.4995;4.821;2549.297
4.07880874797;1.49296653577;26.5728279833;1.4995;4.821;2559.156
4.07993810738;1.49215878927;26.5840016375;1.4995;4.821;2569.078
4.08118302814;1.49207985074;26.6015929687;1.4995;4.821;2579.031
4.08256720794;1.49117785289;26.6154393836;1.4995;4.821;2589.015
4.08426993253;1.49226236912;26.6318224318;1.4995;4.821;2599.047
4.08553615157;1.49234447618;26.6482910943;1.4995;4.821;2609.14
4.08683099128;1.49279246797;26.6733243295;1.4995;4.821;2619.203
4.08804946817;1.49112646224;26.6790665446;1.4995;4.834;2629.328
4.08937419509;1.49017861334;26.6900872518;1.4995;4.821;2639.5
4.09125503874;1.49136377847;26.716543387;1.4995;4.834;2649.687
4.09233510614;1.49426676891;26.7195627631;1.4995;4.834;2659.937
4.09369713509;1.49001700312;26.7408360271;1.4995;4.834;2670.25
4.09523965029;1.4904558995;26.7522070135;1.4995;4.834;2680.531
4.0962719082;1.4896414861;26.7760504227;1.4995;4.834;2690.859
4.09795215518;1.49063623503;26.7909470381;1.4995;4.834;2701.218
4.09961794974;1.49291062454;26.8060443593;1.4995;4.834;2711.593
4.10129887925;1.49411311034;26.8252589976;1.4995;4.834;2722.031
4.10267407605;1.48996782189;26.8369890752;1.4995;4.846;2732.5
4.10443676002;1.49609303591;26.8532773944;1.4995;4.846;2743.015
4.10588666296;1.49083168239;26.8690654946;1.4995;4.846;2753.593
4.10732166551;1.49090604232;26.8853588162;1.4995;4.846;2764.203
4.10889274945;1.49108263925;26.9118362834;1.4995;4.846;2774.859
4.11043764294;1.49405815509;26.916969079;1.4995;4.846;2785.5
4.11215852878;1.49026793293;26.9409013087;1.4995;4.859;2796.172
4.11339223004;1.49214770159;26.951712171;1.4995;4.859;2806.875
4.11528882197;1.49070244467;26.9646097692;1.4995;4.859;2817.672
4.11697026006;1.49206692137;26.9986779967;1.4995;4.859;2828.406
4.11831623973;1.49230423303;27.0035076699;1.4995;4.859;2839.156
4.12008764335;1.49253952748;27.0128867266;1.4995;4.859;2850.0
4.12169898015;1.49487978994;27.0422132222;1.4995;4.859;2860.89
4.12325580933;1.48800931657;27.0504728388;1.4995;4.859;2871.812
4.12477059952;1.49354855936;27.0721820141;1.4995;4.859;2882.734
4.12677333272;1.48977516575;27.0972538443;1.4995;4.872;2893.625
4.12821514083;1.49117056436;27.1106000317;1.4995;4.872;2904.656
4.1303824014;1.49193603871;27.1203982093;1.4995;4.872;2915.718
4.13218551182;1.49531701412;27.1389775954;1.4995;4.872;2926.843
4.13373057571;1.49152564442;27.1559191257;1.4995;4.872;2937.968
4.13558060291;1.4910570361;27.1754851932;1.4995;4.872;2949.172
4.13729717272;1.48884327435;27.1919997253;1.4995;4.872;2960.375
4.13902325823;1.49501009247;27.212434924;1.4995;4.884;2971.64
4.14075929113;1.49252799391;27.2349094393;1.4995;4.884;2982.953
4.14277477968;1.49292522236;27.2506153826;1.4995;4.884;2994.328
4.14422217556;1.49096737019;27.2642160704;1.4995;4.884;3005.687
4.14618244926;1.48929844612;27.2744501109;1.4995;4.884;3016.406
4.14795589862;1.48911467062;27.2989768775;1.4995;4.884;3027.172
4.1499216227;1.49327777569;27.3257791258;1.4995;4.884;3037.984
4.15147643392;1.4909255236;27.3405850435;1.4995;4.897;3048.797
4.15273855236;1.48959763555;27.3671841309;1.4995;4.897;3059.75
4.1544483025;1.49064794918;27.3938103927;1.4995;4.897;3070.672
4.15604967854;1.48894112809;27.3992193245;1.4995;4.897;3081.593
4.15800383032;1.49282465743;27.4320509936;1.4995;4.897;3092.625
4.15983235187;1.49421916703;27.4528146962;1.4995;4.897;3103.625
4.1616369147;1.49134469813;27.4775087769;1.4995;4.897;3114.64
4.16313971318;1.49101240024;27.5074963888;1.4995;4.897;3125.781
4.16516864023;1.49052999711;27.5208137674;1.4995;4.91;3136.875
4.16697299156;1.49385310252;27.5432600885;1.4995;4.91;3148.0
4.16844213031;1.49548789267;27.5632884349;1.4995;4.91;3159.14
4.17010289519;1.48950308482;27.5998804228;1.4995;4.91;3170.328
4.17204118272;1.49028892514;27.6279841373;1.4995;4.91;3181.609
4.17388583927;1.4930334934;27.6516379696;1.4995;4.91;3192.828
4.17538919688;1.48996182913;27.6893991877;1.4995;4.91;3204.14
4.17704239596;1.49363054497;27.7059499056;1.4995;4.922;3215.515
4.17898303429;1.48970881236;27.7486371464;1.4995;4.922;3226.922
4.18094267891;1.49392852481;27.785881436;1.4995;4.922;3238.422
4.18284828607;1.49259845636;27.8106458399;1.4995;4.922;3250.343
4.18451664397;1.49408732924;27.8420895198;1.4995;4.922;3262.015
4.18660763182;1.49261742824;27.8718633239;1.4995;4.922;3273.765
4.18848777824;1.49083266544;27.8994012352;1.4995;4.922;3285.547
4.19069423462;1.49206127644;27.9409682045;1.4995;4.922;3297.687
4.19241350894;1.4911130282;27.9742461966;1.4995;4.935;3309.625
4.19461485052;1.49066330701;28.0012857817;1.4995;4.935;3321.609
4.19633271113;1.49038473899;28.0371184433;1.4995;4.935;3333.625
4.19852706074;1.49167207135;28.0760021981;1.4995;4.935;3345.64
4.20054557313;1.4895263108;28.1109615373;1.4995;4.935;3357.718
4.20202874083;1.48788300281;28.1446382005;1.4946;4.935;3370.218
4.20422648574;1.48260488696;28.1833443116;1.4907;4.935;3382.468
4.20557070052;1.47833340295;28.2029422979;1.4869;4.935;3395.062
4.20729325777;1.47671764118;28.2414615234;1.4837;4.935;3407.547
4.209142956;1.46968801939;28.2805072207;1.4793;4.935;3419.984
4.2091624961;1.44922076428;28.3094608094;1.4537;4.922;3432.5
4.20913962173;1.41782381215;28.341225713;1.4281;4.91;3445.015
4.20851261252;1.39500033872;28.3628032504;1.4024;4.897;3457.687
4.20755751312;1.36730805316;28.3793112526;1.3757;4.884;3470.468
4.20709360023;1.34599652446;28.3964870994;1.3518;4.872;3483.109
4.20801296879;1.34518880719;28.4146851343;1.3501;4.872;3495.859
4.20920963341;1.34034319824;28.4176579664;1.3468;4.872;3508.593
4.20868839428;1.31485049633;28.4385203483;1.3218;4.859;3520.765
4.20807654376;1.28850640706;28.4558235718;1.2972;4.846;3532.984
4.20714643328;1.26205375147;28.4616161007;1.2711;4.834;3545.156
4.20790683503;1.26536323532;28.4604375441;1.27;4.834;3557.359
4.20914586748;1.26388638772;28.4600715476;1.2678;4.834;3569.672
4.20880912677;1.23791537924;28.4602406325;1.2427;4.821;3582.047
4.20786666228;1.20969806367;28.4601067648;1.2177;4.808;3594.437
4.2087418889;1.20943938027;28.4499290359;1.216;4.808;3606.859
4.20792192902;1.18544485175;28.4404183414;1.1904;4.796;3619.25
4.20911299211;1.18374558869;28.4282958441;1.1888;4.796;3631.781
4.21054504106;1.1795958945;28.4142772728;1.186;4.796;3644.343
4.21036474929;1.15562781401;28.4109439093;1.1604;4.783;3656.937
4.20924801114;1.12886547862;28.388742692;1.1354;4.77;3669.593
4.20829511807;1.10385855204;28.3687193313;1.1103;4.757;3682.25
4.20909549208;1.10287918895;28.3607957726;1.1097;4.757;3694.875
4.20847664582;1.08075933496;28.3217871591;1.0847;4.745;3707.625
4.20935394381;1.07528777706;28.3019804588;1.083;4.745;3720.375
4.21037857775;1.07554229471;28.2677011016;1.0808;4.745;3733.172
4.20970868017;1.04762509521;28.2415182895;1.0552;4.732;3746.047
4.20889757668;1.02370879011;28.2166758879;1.0307;4.719;3758.906
4.20794371854;1.00114577093;28.1709933807;1.0062;4.707;3771.859
4.20863319615;0.999317755289;28.1567559106;1.0051;4.707;3784.812
4.20915690326;0.998020668264;28.1172766732;1.0034;4.707;3798.078
4.2104588466;0.995694656905;28.0838698135;1.0013;4.707;3811.156
4.20984075497;0.970757794045;28.0479347016;0.9762;4.694;3824.359
4.20843931031;0.947857667797;28.0119554058;0.9506;4.681;3837.718
4.20930861189;0.943995366752;27.9700306233;0.9495;4.681;3850.875
4.21013478846;0.942082546858;27.9376519651;0.9478;4.681;3864.312
4.20917260789;0.915103099768;27.9028374943;0.9239;4.669;3877.672
4.20973449033;0.918547741559;27.855331256;0.9222;4.669;3891.172
4.21079552378;0.912336007818;27.8263624911;0.9206;4.669;3904.609
4.20986160758;0.892221398727;27.7856827709;0.8955;4.656;3918.062
4.20865603958;0.864492168607;27.7391454404;0.8721;4.643;3931.687
4.20928993517;0.864496264053;27.7063456405;0.871;4.643;3945.218
4.21006890744;0.86516571589;27.6654815993;0.8699;4.643;3958.968
4.20885711439;0.840459126193;27.6264183353;0.8443;4.631;3972.765
4.20925958087;0.841228894588;27.5807008737;0.8437;4.631;3986.547
4.20996864067;0.837629396092;27.5445208261;0.8421;4.631;4000.406
4.21063752423;0.837353420888;27.5073864257;0.8405;4.631;4013.687
4.20968461174;0.811198274745;27.4583856265;0.8165;4.618;4026.828
4.21027222415;0.8138961102;27.4247817658;0.8154;4.618;4039.875
4.21124329515;0.810903572206;27.3911618065;0.8138;4.618;4053.234
4.21004858305;0.784147892277;27.3464898194;0.7898;4.605;4066.625
4.21055311655;0.785041983347;27.3227368477;0.7892;4.605;4080.047
4.20896584974;0.760367419144;27.2848937705;0.7647;4.593;4093.437
4.2096877487;0.760389477862;27.2611452312;0.7642;4.593;4106.875
4.21022078807;0.761714227871;27.2242042454;0.7625;4.593;4120.422
4.21067121952;0.759346074272;27.1929912617;0.7614;4.593;4133.984
4.21143187204;0.753813570041;27.1561969294;0.7603;4.593;4147.64
4.21236706279;0.751468872436;27.1208094723;0.7587;4.593;4161.359
4.21149192932;0.732941649785;27.0887606993;0.7358;4.58;4175.093
4.21008494725;0.704782573433;27.0610339164;0.7118;4.567;4188.812
4.21060028002;0.706810337267;27.0258718747;0.7113;4.567;4202.578
4.20931807472;0.682837662433;26.9979822883;0.6878;4.555;4216.437
4.20962896059;0.684250603075;26.9705125584;0.6873;4.555;4230.359
4.21022677537;0.680502164645;26.9399922592;0.6857;4.555;4244.343
4.21092561197;0.681233072042;26.9167779932;0.6851;4.555;4258.328
4.21121035253;0.68131290587;26.8790751888;0.6835;4.555;4272.328
4.21208992979;0.678589280513;26.8566177578;0.6824;4.555;4286.406
4.21104045011;0.653417694481;26.81823786;0.6584;4.542;4300.359
4.21163547179;0.65330703456;26.8062692061;0.6579;4.542;4314.531
4.21033121227;0.627822545463;26.7747362791;0.6328;4.529;4328.672
4.21044267744;0.628080721314;26.7367320364;0.6322;4.529;4342.875
4.21097693996;0.627285178867;26.7111128478;0.6306;4.529;4357.0
4.21183885123;0.62750403478;26.6843589617;0.6301;4.529;4371.328
4.21029937615;0.603166523227;26.6578149286;0.6061;4.517;4385.547
4.21062945648;0.600394773118;26.6389796776;0.6055;4.517;4400.0
4.21123914569;0.60022083645;26.6118929746;0.6039;4.517;4414.422
4.21179439252;0.60250013594;26.584602382;0.6034;4.517;4428.922
4.21080302386;0.57624488757;26.5613703772;0.5788;4.504;4443.437
4.21103525596;0.577720214465;26.5255355302;0.5783;4.504;4458.0
4.21144427663;0.575644456284;26.5163370986;0.5777;4.504;4472.515
4.21208920868;0.570757700902;26.4750262864;0.5761;4.504;4487.14
4.21079557208;0.549434386811;26.446820583;0.5527;4.491;4501.781
4.21104566141;0.550439067144;26.4322232718;0.5521;4.491;4515.828
4.21133946911;0.548516364142;26.4020746665;0.551;4.491;4529.797
4.21195696549;0.548106023212;26.3651135838;0.5499;4.491;4543.906
4.21067021467;0.522940792951;26.3540166852;0.5243;4.479;4558.156
4.2109363555;0.522149307109;26.32058926;0.5243;4.479;4572.062
4.2109397283;0.524445697654;26.2969100505;0.5232;4.479;4586.312
4.21158958814;0.516049718378;26.2854853593;0.5227;4.479;4600.625
4.21233615766;0.519688804268;26.2642439823;0.5221;4.479;4614.859
4.21292007614;0.519187829228;26.2442779094;0.5205;4.479;4629.14
4.21147305183;0.493139285127;26.2241880853;0.4971;4.466;4643.5
4.21200178542;0.489768663167;26.189363957;0.4965;4.466;4657.781
4.21218821431;0.491481994454;26.1628403749;0.4954;4.466;4672.125
4.21255902704;0.491481991065;26.1352341883;0.4949;4.466;4686.609
4.21143453371;0.466556147854;26.1183243384;0.4709;4.453;4701.093
4.21144786142;0.46762102135;26.1119934313;0.4709;4.453;4715.734
4.21168786946;0.465049821194;26.0823445817;0.4704;4.453;4730.312
4.21062257389;0.443478593445;26.0538735035;0.4469;4.44;4744.984
4.21067589151;0.440530830189;26.0521750153;0.4464;4.44;4759.656
4.21073678455;0.443689433518;26.0052933806;0.4458;4.44;4774.422
4.2112800862;0.444114054753;25.9815882772;0.4453;4.44;4789.234
4.21160838971;0.439925501282;25.9737206013;0.4442;4.44;4804.093
4.21036943552;0.416807482163;25.9498195512;0.4197;4.428;4818.937
4.21022272717;0.416964013917;25.9329550992;0.4191;4.428;4833.734
4.21064439387;0.413963181144;25.9234472101;0.4191;4.428;4848.718
4.21085306565;0.417337442677;25.9009009182;0.4186;4.428;4863.593
4.21123093373;0.414365857203;25.8673477223;0.418;4.428;4878.593
4.21144858385;0.416281854376;25.8520392134;0.4169;4.428;4893.672
4.2121643324;0.415068072456;25.8312926342;0.4159;4.428;4908.828
4.21279174807;0.413621848023;25.8077981721;0.4148;4.428;4923.984
4.2109520391;0.388748020099;25.7998710041;0.3919;4.415;4939.187
4.21133535998;0.391464384927;25.7782541143;0.3913;4.415;4954.453
4.21165982576;0.386724306209;25.7569735445;0.3908;4.415;4969.765
4.21214867506;0.387845029351;25.740071433;0.3897;4.415;4985.125
4.2123245473;0.388097913721;25.7234372123;0.3891;4.415;5000.547
4.21280615359;0.384356906241;25.6996227652;0.3886;4.415;5014.515
4.21152418116;0.362071462646;25.6823658046;0.3652;4.402;5028.562
4.21143396197;0.361515151556;25.6596389787;0.3652;4.402;5042.593
4.21165546667;0.361031882055;25.642291252;0.3646;4.402;5056.875
4.21212315144;0.361406004092;25.6331662907;0.3641;4.402;5071.047
4.21218648299;0.362216762945;25.6133556741;0.3635;4.402;5085.468
4.21266055023;0.361539954643;25.5924835295;0.3624;4.402;5099.875
4.2110673427;0.33622437649;25.5788185872;0.339;4.39;5114.265
4.2108740962;0.3385369416;25.5629532228;0.339;4.39;5128.656
4.2112896764;0.335198823516;25.5316795559;0.339;4.39;5142.968
4.2115654986;0.335128938484;25.5228563305;0.3384;4.39;5157.359
4.21181222167;0.3370348235;25.4984092771;0.3379;4.39;5171.734
4.21193611716;0.333907616003;25.4848992012;0.3374;4.39;5186.218
4.2124772885;0.333834231951;25.4677471574;0.3368;4.39;5200.89
4.21282680075;0.33579893057;25.4564060851;0.3357;4.39;5215.656
4.21315467206;0.33345959869;25.4383372215;0.3352;4.39;5230.359
4.2135742609;0.331691540629;25.4261823069;0.3346;4.39;5244.984
4.21189663492;0.308022817762;25.4163988729;0.3101;4.377;5259.672
4.21186994161;0.309700336751;25.4014782652;0.3101;4.377;5274.547
4.21210763677;0.308148557058;25.3799036796;0.3096;4.377;5289.468
4.21250402704;0.307680526106;25.3685628879;0.3096;4.377;5304.328
4.21261060872;0.307749133212;25.3568601811;0.309;4.377;5319.312
4.21095647437;0.285873202051;25.3443003933;0.2861;4.364;5334.359
4.21097256693;0.281213414043;25.3199784952;0.2861;4.364;5349.422
4.21118344675;0.282844021202;25.3100110377;0.2861;4.364;5364.453
4.21127466801;0.283421827995;25.288381936;0.2856;4.364;5379.375
4.21156765451;0.285069162506;25.2725324433;0.285;4.364;5394.625
4.2117835612;0.282380278045;25.2600483503;0.2845;4.364;5409.656
4.21213387559;0.282584249433;25.2457249561;0.2839;4.364;5424.906
4.21234918927;0.280212175646;25.2196812458;0.2834;4.364;5440.25
4.21274357208;0.283289006223;25.2184884119;0.2829;4.364;5455.468
4.21096127895;0.25801500814;25.2082410317;0.2594;4.352;5470.937
4.21087920633;0.256944530424;25.1952452214;0.26;4.352;5486.328
4.21106662851;0.25835361848;25.182899528;0.26;4.352;5501.875
4.21133599783;0.255247756199;25.1654135375;0.2594;4.352;5517.422
4.21124880245;0.256369433873;25.1457059842;0.2589;4.352;5532.843
4.21163153143;0.255854826212;25.1342625951;0.2589;4.352;5548.422
4.21180121931;0.257076323157;25.1308343589;0.2583;4.352;5564.047
4.21198068462;0.255568947392;25.1016733494;0.2572;4.352;5579.578
4.21244384384;0.255156660767;25.0890552632;0.2572;4.352;5595.406
4.21265655889;0.252631243768;25.0779390705;0.2561;4.352;5611.265
4.21280581105;0.253641220361;25.0564181515;0.2556;4.352;5627.187
4.21322368598;0.255057322064;25.0460209517;0.2551;4.352;5642.937
4.21340720005;0.255437779093;25.0382001076;0.2545;4.352;5658.859
4.21374571806;0.24963948909;25.0367209784;0.254;4.352;5674.718
4.21208889885;0.229159058803;25.011025665;0.2311;4.339;5690.64
4.21207215948;0.229488683013;24.9943075053;0.2311;4.339;5706.578
4.21236044849;0.225865646968;24.9787016246;0.2311;4.339;5722.515
4.21228781394;0.228020669927;24.972771492;0.2305;4.339;5738.609
4.21249223302;0.228473459891;24.962070103;0.23;4.339;5754.625
4.21286721954;0.227977559768;24.9537308991;0.23;4.339;5770.828
4.21296420815;0.22937829284;24.9316224877;0.2294;4.339;5787.078
4.21320674888;0.228604982455;24.9252130261;0.2289;4.339;5803.437
4.21361749361;0.224812418407;24.9138582539;0.2283;4.339;5819.812
4.21194020184;0.201570634886;24.9005455544;0.2038;4.326;5836.0
4.21179890267;0.201974454789;24.8891889116;0.2044;4.326;5852.484
4.21192607472;0.202907232438;24.8732015805;0.2044;4.326;5869.047
4.21202446222;0.201210151248;24.8785228401;0.2044;4.326;5885.406
4.2120057003;0.202027919241;24.8550674109;0.2038;4.326;5901.922
4.2120062478;0.201628939608;24.8438931764;0.2033;4.326;5918.64
4.21241896006;0.199771976925;24.834101686;0.2033;4.326;5935.359
4.21261477196;0.201653343988;24.8172417102;0.2027;4.326;5952.125
4.21264513368;0.202537259911;24.8210058289;0.2022;4.326;5968.953
4.21304449719;0.200235920715;24.7968824597;0.2022;4.326;5985.875
4.21321799199;0.198265759624;24.7816798336;0.2016;4.326;6002.812
4.21338230643;0.199491381116;24.7767368518;0.2011;4.326;6018.515
4.21358388382;0.19862040492;24.7802269024;0.2005;4.326;6034.265
4.21197187992;0.176895786621;24.7519274039;0.1777;4.314;6049.906
4.21201233001;0.176776493757;24.7448270579;0.1777;4.314;6065.812
4.21202110361;0.17611928977;24.734080775;0.1777;4.314;6081.718
4.21197862206;0.174105501661;24.7288958043;0.1777;4.314;6097.531
4.21207167949;0.175460055636;24.7251164744;0.1777;4.314;6113.375
4.21210631812;0.176503552338;24.7120552991;0.1771;4.314;6129.343
4.21221737334;0.175100317948;24.6945644926;0.1766;4.314;6145.39
4.21229040234;0.174823671253;24.6962804257;0.1766;4.314;6161.453
4.2125702431;0.1756577939;24.6879708593;0.1766;4.314;6177.328
4.21281216234;0.176228186214;24.6757928028;0.176;4.314;6193.484
4.21319981854;0.175884227759;24.6612234259;0.1755;4.314;6209.75
4.21339155162;0.172697930792;24.6545200147;0.1749;4.314;6226.062
4.21339936925;0.17370091114;24.6499005297;0.1749;4.314;6242.343
4.21342476851;0.174546140171;24.6492977345;0.1744;4.314;6258.593
4.21374174198;0.173389804549;24.6375170041;0.1744;4.314;6274.984
4.21200596378;0.152013866248;24.6228102414;0.1509;4.301;6291.281
4.21198836975;0.147955432289;24.608878799;0.1509;4.301;6307.75
4.21202037772;0.151206428336;24.6061247835;0.1515;4.301;6324.312
4.21205817434;0.150151854817;24.5895162493;0.1509;4.301;6340.75
4.21198276134;0.147535391782;24.599507566;0.1515;4.301;6357.39
4.212268681;0.150250994424;24.5774121094;0.1509;4.301;6373.937
4.21232921554;0.148084563464;24.5711094513;0.1509;4.301;6390.656
4.21239341689;0.148920961069;24.5624929416;0.1504;4.301;6407.39
4.21235355784;0.147568338559;24.5630441487;0.1504;4.301;6424.218
4.21265419604;0.148155493289;24.5447023556;0.1499;4.301;6440.672
4.21290983369;0.149062906257;24.5307383478;0.1499;4.301;6457.422
4.21300539151;0.148153344272;24.5266782797;0.1493;4.301;6474.25
4.21300559662;0.145014419631;24.5266919126;0.1493;4.301;6491.328
4.21323160559;0.14806226444;24.516746649;0.1488;4.301;6508.343
4.21344784045;0.148307704023;24.5090264979;0.1482;4.301;6525.359
4.2135828141;0.147112493866;24.4984538529;0.1482;4.301;6542.422
4.21186827613;0.124728984143;24.4916569952;0.1253;4.288;6559.547
4.21190118793;0.121142235389;24.4868217841;0.1259;4.288;6576.672
4.21152031556;0.124704232017;24.4829768449;0.1259;4.288;6593.703
4.21188633838;0.120654510303;24.4710046159;0.1253;4.288;6610.968
4.21181429425;0.124193485751;24.4570792871;0.1253;4.288;6628.297
4.21191257044;0.123498301028;24.4654615953;0.1253;4.288;6645.687
4.21205118242;0.126955552923;24.4631480635;0.1248;4.288;6663.062
4.21191868907;0.124610849679;24.4501226836;0.1248;4.288;6680.5
4.21214059788;0.123420548113;24.4396154027;0.1248;4.288;6697.672
4.21219204084;0.124662969673;24.4328428031;0.1242;4.288;6715.172
4.21230162988;0.124525707974;24.4159040484;0.1237;4.288;6732.797
4.21239805591;0.121964364083;24.4066634381;0.1237;4.288;6750.328
4.21288147781;0.124494886762;24.4078612472;0.1237;4.288;6767.968
4.21278344599;0.123703844732;24.403346337;0.1237;4.288;6785.468
4.21273907544;0.123405955386;24.3838971058;0.1231;4.288;6803.234
4.21285760242;0.12141590413;24.4016824253;0.1226;4.288;6820.953
4.21313615839;0.121697408079;24.3762542961;0.1221;4.288;6838.875
4.21327223784;0.120712859885;24.352202928;0.1221;4.288;6856.75
4.21354772133;0.119800758133;24.3606414689;0.1221;4.288;6874.734
4.21371235201;0.123138791004;24.3634981959;0.1215;4.288;6892.672
4.21175565809;0.0944788060046;24.3570416126;0.0975;4.276;6910.765
4.21166023742;0.0968749724881;24.3558006928;0.0981;4.276;6928.922
4.2112808392;0.0943167350685;24.3585233249;0.0981;4.276;6947.078
4.21130434283;0.0959637577953;24.3376788181;0.0981;4.276;6965.156
4.21147942694;0.0966228121672;24.3282775854;0.0981;4.276;6983.5
4.21161122409;0.0941949638819;24.3194426841;0.0981;4.276;7001.828
4.21139137616;0.0978092205086;24.31411215;0.0981;4.276;7019.0
4.21157391994;0.0978361401914;24.3140518752;0.0981;4.276;7036.218
4.21172857969;0.0971799648461;24.2975987359;0.0981;4.276;7053.39
4.21154619542;0.0960025517397;24.2988056923;0.0975;4.276;7070.687
4.21192743349;0.0960298377827;24.2870418257;0.0975;4.276;7087.984
4.21178571749;0.0955316369943;24.278975299;0.097;4.276;7105.14
4.21173607892;0.0963701736226;24.2871812527;0.097;4.276;7122.562
4.21215330959;0.0981253487341;24.2788536537;0.097;4.276;7140.062
4.21215703625;0.0950175466362;24.2759409239;0.097;4.276;7157.531
4.21214723548;0.0970551764033;24.2691723721;0.0964;4.276;7174.968
4.21207375298;0.0923508211297;24.2660640543;0.0964;4.276;7192.297
4.21232098288;0.0960240878353;24.259710296;0.0959;4.276;7209.906
4.21270429421;0.0933134687011;24.2541579677;0.0959;4.276;7227.578
4.21256145494;0.0938945457331;24.2510099623;0.0959;4.276;7245.343
4.21274694634;0.09426978899;24.2516653409;0.0953;4.276;7263.187
4.21301161029;0.0947079823688;24.2502359837;0.0953;4.276;7281.062
4.21297512083;0.0928642942147;24.2475645116;0.0948;4.276;7298.922
4.21292826195;0.093699556246;24.2522217795;0.0948;4.276;7316.922
4.21325598729;0.0906620705036;24.2333792033;0.0943;4.276;7334.937
4.21327611795;0.0940857132671;24.2413842123;0.0943;4.276;7352.828
4.21350042632;0.0919715614591;24.225165594;0.0943;4.276;7370.797
4.21371472348;0.0914123085497;24.2142325721;0.0937;4.276;7388.906
4.21372503825;0.090927229399;24.2217538392;0.0937;4.276;7407.062
4.21399487283;0.0919067759606;24.2140065646;0.0932;4.276;7425.359
4.21378122798;0.0901627584679;24.206673182;0.0932;4.276;7443.625
4.21389781714;0.089332203413;24.1990962126;0.0926;4.276;7461.984
4.2142813992;0.0893409200465;24.1912437301;0.0926;4.276;7480.265
4.21428644168;0.0887887685431;24.1752852722;0.0921;4.276;7498.625
4.21446085143;0.0903464842585;24.1760640161;0.0915;4.276;7517.078
4.21445794722;0.0906464237425;24.1662141485;0.0915;4.276;7535.547
4.21471704975;0.0914879879011;24.1680964638;0.0915;4.276;7554.078
4.2130789734;0.0655877889155;24.1459083982;0.0686;4.263;7572.656
4.21260581363;0.068950295999;24.1597335783;0.0692;4.263;7591.297
4.21258016756;0.0700720151173;24.1445422986;0.0697;4.263;7609.984
4.21258833643;0.0678788915901;24.1390239213;0.0697;4.263;7628.75
4.21276563344;0.0696060123538;24.1471967195;0.0692;4.263;7647.515
4.21276966711;0.0669912642646;24.1480758852;0.0692;4.263;7666.312
4.21269367686;0.0702805507352;24.1306233883;0.0692;4.263;7685.312
4.2125266098;0.0675024477161;24.1370530692;0.0692;4.263;7704.265
4.21299520018;0.0690295318791;24.1310893015;0.0692;4.263;7723.265
4.21280547782;0.0690508491983;24.131202801;0.0686;4.263;7742.328
4.21286540517;0.0660219992051;24.1193413505;0.0692;4.263;7761.406
4.21294033335;0.0663144301638;24.1064466035;0.0692;4.263;7780.547
4.21279179727;0.068094896172;24.0876350677;0.0686;4.263;7799.547
4.21287088238;0.0663957075487;24.0941760047;0.0686;4.263;7818.64
4.21331130338;0.0686688235529;24.1052182234;0.0681;4.263;7837.859
4.21287759195;0.0667789039804;24.1000036825;0.0681;4.263;7857.078
4.21336714967;0.0668100538112;24.0967373094;0.0681;4.263;7876.468
4.21330677828;0.0673122260085;24.0937827715;0.0675;4.263;7895.875
4.21331909172;0.0653104640275;24.0930988223;0.0675;4.263;7915.297
4.21354648482;0.0663774594643;24.0890426991;0.0675;4.263;7934.812
4.21375278157;0.0679968872595;24.086751711;0.0675;4.263;7954.312
4.21379379855;0.0658186241167;24.0893093507;0.067;4.263;7973.922
4.21374908102;0.0669530573618;24.0804992648;0.067;4.263;7993.656
4.21366193526;0.0650172000822;24.0762756886;0.067;4.263;8013.484
4.21380986767;0.0617132214412;24.0689961673;0.067;4.263;8032.093
4.21395762474;0.0647433469898;24.0593967339;0.0665;4.263;8050.703
4.21424299895;0.0636586985151;24.0537263654;0.0665;4.263;8069.359
4.21405942622;0.0672983075039;24.0570692055;0.0665;4.263;8088.078
4.21425194406;0.0645558130441;24.0558287048;0.0659;4.263;8106.718
4.21435252266;0.0649335236817;24.0529261507;0.0659;4.263;8125.422
4.21446588371;0.0620066493161;24.060530612;0.0654;4.263;8144.203
4.21468293971;0.0651178600915;24.0490544311;0.0654;4.263;8162.968
4.21276110166;0.042035914486;24.0503586508;0.0425;4.25;8181.968
4.21235975786;0.0413324340191;24.049477802;0.0436;4.25;8201.047
4.21213989055;0.0404488253524;24.032555746;0.0436;4.25;8220.156
4.21225869139;0.0416909589273;24.0396840183;0.0436;4.25;8239.328
4.21239116468;0.0418980275309;24.0341087389;0.0441;4.25;8258.406
4.21200844504;0.0442009704431;24.0275084244;0.0447;4.25;8277.406
4.21225732264;0.0437298278998;24.028395701;0.0447;4.25;8296.547
4.21207974351;0.0422212505276;24.0215573503;0.0441;4.25;8315.875
4.21200993121;0.0455149122936;24.0194144523;0.0441;4.25;8335.156
4.21225610271;0.0428346082564;24.018885737;0.0441;4.25;8354.468
4.21210184087;0.0418535558402;24.0102915842;0.0441;4.25;8373.89
4.21192105617;0.0437757878881;24.0054963263;0.0441;4.25;8393.359
4.21205409291;0.0441492447897;24.0020449199;0.0441;4.25;8412.922
4.21220334795;0.0420643468593;23.9867454436;0.0441;4.25;8432.437
4.21223338916;0.0425582462291;24.0066460535;0.0441;4.25;8452.047
4.21209361626;0.0428114102296;23.9945530439;0.0436;4.25;8471.64
4.21225349968;0.041774836099;24.0007714367;0.0441;4.25;8491.312
4.21250154905;0.0424778957609;23.9837772501;0.0436;4.25;8511.015
4.21234743937;0.0438871681873;23.9933741332;0.0436;4.25;8530.765
4.21230356829;0.0448126211227;23.9872458404;0.0436;4.25;8550.562
4.21236361743;0.040728536839;23.9821672394;0.0436;4.25;8570.406
4.21260297283;0.0429870583156;23.9773079789;0.0436;4.25;8590.328
4.21251586578;0.0413800890119;23.9769592434;0.043;4.25;8610.343
4.21259990468;0.0409734535051;23.9726047804;0.043;4.25;8630.297
4.21272316924;0.0452317464257;23.9664354955;0.043;4.25;8650.406
4.21260678404;0.0406171681588;23.9631886968;0.043;4.25;8670.593
4.21266696957;0.0426203718459;23.9775324659;0.0425;4.25;8690.843
4.21262551505;0.0393746752494;23.972825027;0.043;4.25;8711.093
4.21275969583;0.0403742466005;23.9628035824;0.043;4.25;8731.375
4.21297753958;0.040581518609;23.9675743191;0.0425;4.25;8751.718
4.21284850102;0.0432236966099;23.9598989725;0.043;4.25;8772.031
4.21309573486;0.0406222912569;23.9545197381;0.0425;4.25;8792.297
4.21297564068;0.0397579632562;23.9431125425;0.0425;4.25;8812.468
4.21304156746;0.0410393417473;23.9499788148;0.0425;4.25;8833.0
4.21292355766;0.0429471778717;23.9411951389;0.0419;4.25;8853.593
4.21341098292;0.040092340777;23.9383471274;0.0419;4.25;8874.218
4.21328850182;0.0411593050679;23.9417160984;0.0419;4.25;8894.968
4.21320651551;0.0406563916574;23.930941509;0.0419;4.25;8915.703
4.21339597345;0.0394410438979;23.938222237;0.0419;4.25;8936.515
4.21328523135;0.0378578851126;23.9313694152;0.0419;4.25;8957.312
4.21341558534;0.037550133366;23.9356331854;0.0414;4.25;8978.187
4.21330693138;0.0426429571897;23.9243553502;0.0414;4.25;8999.093
4.21341825482;0.0379592103254;23.9264124053;0.0414;4.25;9020.031
4.21348902303;0.0387677459437;23.9221862173;0.0414;4.25;9039.843
4.21361995504;0.0406613985334;23.9163674493;0.0408;4.25;9059.609
4.21380013336;0.0361598114346;23.9199520662;0.0408;4.25;9079.547
4.21380024141;0.0387267680542;23.920327759;0.0408;4.25;9099.312
4.21394121178;0.038522997123;23.9238441165;0.0408;4.25;9119.234
4.21350065874;0.0415913053834;23.92053874;0.0408;4.25;9139.156
4.21393906554;0.0412616068102;23.9127288117;0.0403;4.25;9158.984
4.21409085297;0.0395166551599;23.9103896162;0.0403;4.25;9178.89
4.21425945846;0.0376876942633;23.9109628996;0.0403;4.25;9198.968
4.214176143;0.0403241148936;23.9026873509;0.0403;4.25;9218.906
4.2143462639;0.0374123966369;23.9105515193;0.0403;4.25;9239.203
4.21439383048;0.036434513214;23.9000863059;0.0397;4.25;9259.406
4.21440543922;0.0400595241808;23.9041403189;0.0397;4.25;9279.609
4.21430101539;0.0372791419115;23.8987575984;0.0397;4.25;9299.922
4.21441987093;0.0397166738986;23.8980148292;0.0397;4.25;9320.281
4.21448391958;0.0381227802178;23.8860826444;0.0392;4.25;9340.718
4.21436000965;0.0378793552317;23.8969997033;0.0392;4.25;9361.234
4.21449273069;0.0368993614203;23.8878038916;0.0392;4.25;9381.843
4.21467249277;0.0351738785791;23.8873846343;0.0392;4.25;9402.484
4.21264996363;0.0133267097157;23.8976326561;0.0163;4.238;9423.093
4.17052085208;-0.00190816989349;23.9990411618;-0.0006;0.002;9443.609
4.18824753886;-0.00232817391178;24.0678505389;-0.0006;0.002;9464.359
4.19243495439;-0.00326044833524;24.0705590521;-0.0006;0.002;9485.015
4.19473456117;-0.000876200662415;24.07629923;-0.0006;0.002;9505.703
4.19608623393;-0.00231626341368;24.0620618061;-0.0006;0.002;9526.609
4.19742445863;-0.00023628543992;24.0619823851;-0.0006;0.002;9547.562
4.19773152536;-0.00182922421584;24.0497926948;-0.0006;0.002;9568.515
4.198463212;-0.00158302692068;24.0503777993;-0.0006;0.002;9589.578
4.19861954179;-0.00280482045003;24.0271263721;0.0;0.002;9610.625
4.19880937966;-0.0021026664275;24.0274316389;-0.0006;0.002;9631.64
4.19930960984;-0.00392803379163;24.0139927961;0.0;0.002;9652.828
4.19933583032;0.000653342099607;24.0133649735;-0.0006;0.002;9673.922
4.19917405434;-0.000842863678139;24.0133117989;-0.0006;0.002;9695.265
4.19957247843;-0.00275596411896;24.0084948081;-0.0006;0.002;9716.672
4.1997554443;-0.00204302050851;23.997070526;-0.0006;0.002;9738.078
4.19944220826;-0.00053479201566;24.0079804205;-0.0006;0.002;9759.406
4.19976421684;-0.000898793822538;23.9958556564;0.0;0.002;9780.89
4.19967997384;-0.00672504562135;23.9804584756;-0.0006;0.002;9802.406
4.19981094934;-0.00717536796806;23.9846369917;-0.0006;0.002;9823.937
4.19983355155;-0.00149497445011;23.986222658;-0.0006;0.002;9845.484
4.19987147777;-0.00345429851594;23.97944445;0.0;0.002;9867.109
4.19975746801;0.000734105094371;23.9719323596;-0.0006;0.002;9888.812
4.20000002321;-0.00235758303751;23.9730218896;-0.0006;0.002;9910.297
4.19972169687;-0.00267469342473;23.9770399401;0.0;0.002;9932.125
4.19977845298;0.000332756923564;23.9555234828;0.0;0.002;9954.031
4.19947713902;-0.00265990797043;23.9638620699;-0.0006;0.002;9975.812
4.19964849465;-0.00199456372905;23.943336218;-0.0006;0.002;9997.422
4.19967994734;-0.00415871766237;23.9569626229;-0.0006;0.002;10019.437
4.19989171185;-0.00311578722541;23.9558697261;0.0;0.002;10039.547
4.19982458058;-0.00247366152328;23.9501884892;-0.0006;0.002;10059.406
4.1996277418;-0.000964399240864;23.9452293004;0.0;0.002;10079.203
4.19974309813;-0.00684486334668;23.9298135631;0.0;0.002;10099.218