4.17979960733;-0.00236632714097;24.2775675103;-0.0006;0.0;0.0;3.69942618201;-2.0093978479;29.9683838925;-1.999;2.804;891.812;3.54898916939;-2.00941742373;32.3524287238;-1.9992;2.653;1796.328;3.45286688683;-2.01141570652;34.5719162215;-1.9992;2.557;2724.203;2.47576775683;-2.00943589187;39.1629865324;-1.999;1.653;3690.234
4.17728823851;-0.003331910911;24.6486106182;-0.0006;0.0;0.0;3.70673979662;-2.01283925015;30.0594279397;-1.999;2.811;873.578;3.55545961767;-2.01051205109;32.447681593;-1.999;2.66;1778.36;3.46048688314;-2.01196952383;34.702895332;-1.999;2.565;2706.047;2.3515255119;-2.01037485552;39.2462026826;-1.999;1.543;3672.344
4.1777954706;-0.00138758787951;24.704057719;-0.0006;0.0;0.0;3.70896527156;-2.01081333886;30.0372260972;-1.999;2.815;873.734;3.55639993246;-2.01101565694;32.4163496249;-1.999;2.662;1778.828;3.46345609668;-2.01139908994;34.5972228831;-1.9992;2.569;2686.906;2.44047971511;-2.00855888711;38.9992024603;-1.999;1.65;3651.641
4.17837049208;-0.0020035257757;24.6505031005;-0.0006;0.0;0.0;3.70904584575;-2.00949976519;29.9685125811;-1.999;2.815;873.328;3.55872411519;-2.01111780494;32.3199469337;-1.999;2.665;1760.219;3.46485875224;-2.01268824842;34.497909204;-1.999;2.571;2668.235;2.4791558539;-2.00929044786;38.8436277719;-1.999;1.69;3631.563
4.17801565241;-0.00114233111862;24.6342061999;-0.0006;0.0;0.0;3.70875203261;-2.00780322392;29.8795471365;-1.999;2.815;873.594;3.55795243508;-2.01096094912;32.2042541184;-1.999;2.664;1759.063;3.46343088289;-2.01008435502;34.4000368477;-1.9992;2.57;2666.672;2.28018784817;-2.01176084022;38.9779888826;-1.999;1.488;3629.172
4.19321652325;-0.00431066030203;24.3433996044;-0.0006;0.0;0.0;3.71819126886;-2.01009612276;29.8669554095;-1.999;2.823;873.36;3.56100260637;-2.01142067507;32.2214152896;-1.9992;2.665;1778.063;3.46580353984;-2.01044338384;34.4625249126;-1.9992;2.57;2686.766;2.43928425685;-2.01094704522;38.8398992074;-1.999;1.659;3652.281
4.19367928919;-0.00538440144187;24.4309463894;-0.0006;0.0;0.0;3.71892927011;-2.0119297922;29.9450782413;-1.999;2.824;873.0;3.56097080737;-2.01143350238;32.2781949293;-1.999;2.666;1777.437;3.46556585025;-2.01037570787;34.5381909924;-1.9992;2.57;2685.828;2.28120684494;-2.01201462674;39.046108375;-1.9992;1.505;3650.828
4.17682662812;-0.00194685499255;24.6504354714;-0.0008;0.0;0.0;3.711325657;-2.0100052025;29.8743995257;-1.999;2.817;855.719;3.55790595272;-2.00834267263;32.2724930193;-1.999;2.664;1742.734;3.46458039452;-2.00694889839;34.517836606;-1.9992;2.57;2630.672;2.36641052703;-2.00960265416;38.8750752102;-1.9992;1.602;3572.453
4.17616852402;-0.000966224764739;24.5649769085;-0.0006;0.0;0.0;3.71041988807;-2.00982061985;29.8030000521;-1.999;2.816;855.75;3.55942092012;-2.01017531375;32.1746347704;-1.999;2.665;1722.312;3.46481930886;-2.00999783298;34.4321176254;-1.999;2.57;2610.172;2.43602004958;-2.0105031817;38.7260539826;-1.999;1.664;3550.594
4.1768979899;-0.00604552005729;24.5254342467;-0.0006;0.0;0.0;3.70986407577;-2.00946716333;29.7325910417;-1.999;2.816;855.297;3.55816125863;-2.00908391384;32.1244680856;-1.999;2.664;1722.75;3.46331076905;-2.00692912367;34.4031289523;-1.999;2.569;2610.344;2.18643774876;-2.01200062919;38.986297289;-1.999;1.411;3551.25
4.17757950996;-0.00288743949013;24.4120476391;-0.0006;0.0;0.0;3.70905832136;-2.01065557193;29.6239738461;-1.9992;2.814;855.063;3.55635475467;-2.00967080921;32.0330896266;-1.9992;2.662;1723.125;3.46159911799;-2.01233752039;34.3326725791;-1.9992;2.566;2611.266;2.34060236059;-2.00860576394;38.6597886192;-1.9992;1.583;3530.25
4.1778706783;-0.0029304410808;24.6660675687;-0.0006;0.0;0.0;3.71244636708;-2.00943500162;29.8352246938;-1.999;2.817;837.375;3.55712560751;-2.010918285;32.297971651;-1.999;2.662;1704.094;3.46296707803;-2.01180179188;34.5528855447;-1.999;2.568;2572.953;2.42630213741;-2.00809319885;38.8497919573;-1.999;1.659;3491.016
4.17612449319;-0.000645229065481;24.8333025842;-0.0006;0.0;0.0;3.71133164564;-2.00885964124;29.8512347083;-1.999;2.817;836.969;3.55798527733;-2.01034017539;32.2412059822;-1.999;2.664;1685.844;3.4624789196;-2.01081347075;34.4989750087;-1.999;2.568;2553.547;2.47536977;-2.00886176449;38.7512834402;-1.999;1.704;3470.281
4.17778419535;-0.00220256776623;24.6306500951;-0.0006;0.0;0.0;3.71127741102;-2.00996477154;29.7125546695;-1.999;2.817;836.5;3.5562539527;-2.00954433173;32.1063202747;-1.999;2.663;1685.187;3.46054762766;-2.00919854235;34.4126405507;-1.999;2.566;2552.937;2.34236452366;-2.01142588044;38.7685376406;-1.999;1.59;3470.0
4.17706252568;-0.00105807305043;24.4619156393;-0.0006;0.0;0.0;3.70843002203;-2.01197206483;29.5749017155;-1.999;2.815;836.406;3.55354157846;-2.01195250174;32.0287297011;-1.999;2.66;1684.953;3.45690507733;-2.01029527588;34.3548264309;-1.999;2.563;2553.484;2.18840008188;-2.00944017802;38.8468611234;-1.999;1.433;3450.297
4.17548927457;-0.00445288923115;24.2687211131;-0.0006;0.0;0.0;3.70896968178;-2.00800974102;29.4002991201;-1.999;2.815;818.985;3.55296691794;-2.01036044491;31.8944572835;-1.999;2.659;1666.453;3.4555263473;-2.01119087679;34.2626810574;-1.999;2.562;2533.297;2.1206980946;-2.0062933766;38.8658897817;-1.999;1.371;3429.407
4.17736632471;-0.00228493819379;24.3547181517;-0.0006;0.0;0.0;3.70910218977;-2.00961226217;29.4513737495;-1.999;2.815;819.0;3.55173834617;-2.01293437765;31.9479920585;-1.999;2.658;1667.297;3.45592784559;-2.00896859385;34.2645729939;-1.999;2.562;2514.688;2.3699814578;-2.00839990322;38.6475787338;-1.999;1.625;3409.484
4.17635453975;-0.00468925863771;24.3842590316;-0.0006;0.0;0.0;3.70687760403;-2.01333769686;29.4785964481;-1.999;2.813;819.015;3.5514228312;-2.01244474235;31.9505745372;-1.999;2.658;1649.14;3.45455985378;-2.01336701623;34.3155669783;-1.999;2.56;2496.844;2.24799164992;-2.01030748747;38.7921818817;-1.999;1.524;3390.422
4.1771264777;-0.00386588699447;24.4658726504;-0.0006;0.0;0.0;3.70650932729;-2.01025586177;29.5177311693;-1.999;2.813;818.516;3.55011613294;-2.00979813666;31.9885064072;-1.999;2.657;1647.828;3.45236956446;-2.00808885078;34.3718954031;-1.999;2.558;2495.828;2.88444636981;-0.00227724106962;38.7702222393;-0.0008;0.0;3390.281
4.17458417818;-0.00512646314183;24.5116117129;-0.0008;0.0;0.0;3.71402928557;-2.00979754731;29.4525593033;-1.999;2.817;855.218;3.55850601904;-2.00923496674;31.6823098284;-1.999;2.661;1741.578;3.46376667926;-2.00789134131;33.7426804055;-1.999;2.564;2649.484;2.20335584686;-2.0099114516;37.5432059975;-1.9992;1.445;3591.734
4.17522402026;-0.000314948474722;24.9105875329;-0.0006;0.0;0.0;3.7140254602;-2.00970552951;29.767739293;-1.999;2.817;855.344;3.55966449421;-2.01260985124;32.0037910478;-1.999;2.662;1723.219;3.46607808165;-2.01050569492;34.1500854201;-1.999;2.568;2611.25;2.35887751156;-2.01002384684;37.9036257753;-1.999;1.619;3552.297
4.17721730086;-0.00238132220248;24.570068054;-0.0006;0.0;0.0;3.71160398365;-2.0078099411;29.453692481;-1.999;2.815;855.922;3.55608753953;-2.01072104109;31.6822784037;-1.999;2.66;1723.844;3.46156586855;-2.00983665912;33.8538068898;-1.999;2.565;2612.438;2.21867291404;-2.0106213001;37.670160514;-1.999;1.491;3531.578
4.1765145142;-0.00132461193247;24.2255739054;-0.0006;0.0;0.0;3.71160192074;-2.01049022593;29.0841343041;-1.9988;2.815;837.219;3.55441987978;-2.00804807956;31.371296643;-1.999;2.658;1704.907;3.46091722412;-2.01087160686;33.5315378537;-1.999;2.564;2573.532;2.33972305795;-2.00983681224;37.3416695919;-1.999;1.607;3492.907
4.19000721593;-0.00261551161445;24.0391459885;-0.0006;0.0;0.0;3.71909404448;-2.00800907762;29.0290254174;-1.999;2.823;837.125;3.5571591589;-2.00952123703;31.2382449369;-1.999;2.661;1703.953;3.4599235939;-2.00966667134;33.4615722321;-1.9988;2.564;2591.813;2.39975082089;-2.00854911068;37.2897901725;-1.999;1.653;3511.594
4.17697341313;-0.00199648360753;24.015743593;-0.0006;0.0;0.0;3.71109716269;-2.00863681637;28.857868191;-1.9988;2.815;818.953;3.55299750961;-2.0127035942;31.1781599386;-1.999;2.657;1667.156;3.45752640527;-2.00960221644;33.3933651252;-1.999;2.561;2535.14;2.49141087947;-2.01125316215;37.1679448148;-1.999;1.723;3431.937
4.17345215524;-0.00151785137766;23.9038134282;-0.0006;0.0;0.0;3.70600028711;-2.0096270175;28.7499828579;-1.999;2.81;817.829;3.54823157059;-2.01030151594;31.1126082025;-1.999;2.653;1666.36;3.45239963925;-2.00862617708;33.3928729695;-1.999;2.556;2533.969;2.76692698909;-0.00134836376945;37.515778485;-0.0008;0.0;3431.125
4.17609857862;-0.00111293508808;23.8168870983;-0.0006;0.0;0.0;3.70551845526;-2.00650088839;28.6720722137;-1.9988;2.81;818.75;3.54619462429;-2.01071870965;31.0597921354;-1.9988;2.651;1667.609;3.45167631678;-2.00954246674;33.3121518934;-1.999;2.555;2516.172;2.83561284672;-0.000999651549372;37.2416596409;-0.0006;0.0;3412.406
4.17626102066;-0.00175089110914;23.7625842633;-0.0006;0.0;0.0;3.70337889179;-2.00625015843;28.6270093831;-1.999;2.806;818.734;3.54352023385;-2.00854734699;31.0557064413;-1.999;2.647;1666.172;3.44754123055;-2.00893323782;33.3378602395;-1.999;2.551;2514.828;2.92839463515;-0.00347400576255;37.1009746736;-0.0008;0.0;3410.688
4.17285458987;-0.00295012495258;23.7779276422;-0.0006;0.0;0.0;3.69875722955;-2.00799261579;28.6265645679;-1.999;2.802;818.781;3.53935706909;-2.01065571791;31.1262538264;-1.999;2.643;1666.687;3.44263142322;-2.01093317754;33.473827516;-1.999;2.546;2514.437;3.0771149576;-0.00658495182161;36.5363508367;-0.0006;0.0;3410.718
4.18818780173;-0.0020028280837;23.7656677957;-0.0006;0.0;0.0;3.70810358699;-2.01184816241;28.7417716666;-1.999;2.811;818.844;3.54597501521;-2.00830576722;31.0736135768;-1.999;2.649;1649.187;3.44658534222;-2.01105819538;33.4040086604;-1.999;2.55;2497.609;2.81956058685;0.00178434024478;37.496077699;-0.0008;0.0;3392.719
4.18980102429;-0.00336554257229;23.7455114748;0.0006;0.0;0.0;3.70154053434;-2.01014478629;28.8592556955;1.9992;2.799;862.359;3.53986299563;-2.00956716862;31.2256734334;1.999;2.638;1733.625;3.44706884836;-2.00883125809;33.5944261861;1.999;2.544;2595.672;2.43430068618;-2.01018435509;37.2500739612;1.999;1.607;3470.672
4.18694786143;-0.00482813273023;24.1957205811;0.0006;0.0;0.0;3.69965921124;-2.00976610193;29.1248435631;1.999;2.796;853.187;3.53938389629;-2.01135317625;31.4639815446;1.9992;2.636;1705.922;3.44529969661;-2.01104030024;33.5584923673;1.999;2.542;2558.234;2.91877573917;0.000219946169022;37.2766993586;0.0006;0.0;3414.109
4.18643453825;-0.00172835165375;23.9734778013;0.0006;0.0;0.0;3.69674195682;-2.00861753892;28.8924925109;1.999;2.795;844.062;3.53506061897;-2.00960662894;31.1443470369;1.999;2.634;1696.594;3.43962706892;-2.01104996454;33.4769227087;1.999;2.538;2539.344;2.97395690885;-0.0038064565925;37.0534689156;0.0006;0.0;3395.219
4.18767679773;-0.00376029093349;23.5201577832;0.0006;0.0;0.0;3.69224799493;-2.00915296387;28.594636167;1.999;2.791;843.922;3.53133896867;-2.01194776303;30.9011940407;1.999;2.631;1686.672;3.43329926188;-2.00758390531;33.3965558003;1.999;2.532;2530.0;3.03343337241;0.00115949398581;36.4901977034;0.0006;0.0;3386.0
4.18394831235;-0.000403773517599;23.5294328915;0.0006;0.0;0.0;3.68851847229;-2.01076301449;28.449319684;1.999;2.787;834.875;3.52681336525;-2.01125053874;30.7867971588;1.999;2.625;1678.187;3.42600206709;-2.00960386626;33.2671151088;1.999;2.525;2521.375;3.06169251404;-0.00247061620551;36.1735161999;0.0006;0.0;3368.187
4.18670387196;-0.000800417493102;23.9476677164;0.0008;0.0;0.0;3.69012757028;-2.0103777665;28.908630262;1.999;2.785;835.109;3.5267912485;-2.00911974807;31.4069140763;1.999;2.623;1678.203;3.42574246102;-2.01010006101;33.8195411258;1.9992;2.522;2521.328;3.08642144804;-0.00248565682832;36.6917217406;0.0006;0.0;3368.266
4.18640482023;-0.000853136549573;23.7246708916;0.0006;0.0;0.0;3.6851900891;-2.0101201088;28.5656988389;1.999;2.783;834.703;3.52181982694;-2.00766837882;31.0857800968;1.999;2.62;1677.453;3.4194273505;-2.01016760063;33.4766902773;1.999;2.517;2511.219;3.13778732182;-0.00290829170723;36.3050545154;0.0006;0.0;3358.719
4.18453817445;-0.00322281272373;23.5096741057;0.0006;0.0;0.0;3.6797274465;-2.00950561981;28.4179846263;1.999;2.778;834.516;3.51803668353;-2.01113676717;31.0555941706;1.999;2.617;1668.281;3.41321855672;-2.01023740594;33.6174786358;1.999;2.512;2501.828;3.15011563924;-0.00182862454247;36.0643955429;0.0008;0.0;3339.5
4.18604763301;-0.00166634107127;23.2595880015;0.0006;0.0;0.0;3.67883626418;-2.01164190784;28.3054725185;1.999;2.775;825.421;3.51529074303;-2.00833977079;30.9354058841;1.999;2.612;1658.984;3.40817445285;-2.00983332334;33.4844986108;1.999;2.506;2493.0;3.17389204225;-0.00882573355134;36.0173140005;0.0006;0.0;3331.265
4.1860117623;-0.00657780940889;23.4119020737;0.0008;0.0;0.0;3.67701602791;-2.01434770325;28.4868651693;1.999;2.771;825.313;3.51272277988;-2.01025047363;31.1643685613;1.999;2.608;1659.078;3.40602172994;-2.01429364196;33.70025589;1.999;2.5;2483.328;3.19720714974;-0.00343812651452;35.907754429;0.0006;0.0;3321.188
4.18565300152;-0.00297187477635;23.9938752436;0.0006;0.0;0.0;3.67651726031;-2.01171032991;29.0428611774;1.9992;2.771;825.219;3.51186234141;-2.01052547142;31.75663428;1.9992;2.607;1658.938;3.40435285782;-2.00516114407;34.4501505265;1.9992;2.5;2483.344;3.22756845884;-0.00492719060429;36.3580793625;0.0006;0.0;3321.844
4.18499542354;-0.00240747279071;24.2254391275;0.0006;0.0;0.0;3.67365020157;-2.01024269322;29.1926329857;1.999;2.767;825.219;3.50999623114;-2.00893032987;31.9316019251;1.999;2.606;1649.719;3.40014502387;-2.01066123001;34.5848179764;1.999;2.496;2473.656;3.23085808215;-0.00145301162871;36.5042162592;0.0006;0.0;3311.828
4.17548998383;-0.00126610541015;23.9316008077;-0.0006;0.0;0.0;3.67672691976;-2.01018984192;28.8270495983;-1.999;2.773;798.875;3.51205324367;-2.00882460855;31.5073614084;-1.999;2.61;1627.312;3.40581662221;-2.01022012379;34.333722262;-1.9992;2.503;2454.797;3.19963326743;-0.0022925624123;36.9912648311;-0.0008;0.0;3327.391
4.19155931648;-0.0039509286845;23.8018564857;0.0006;0.0;0.0;3.67777486291;-2.00952754158;28.87331865;1.999;2.777;825.328;3.51311659096;-2.01102345435;31.4557112534;1.999;2.613;1649.921;3.40614746478;-2.00741997087;34.1515234804;1.999;2.506;2474.234;3.18981032421;-0.00287452211512;36.8141078558;0.0006;-0.0;3312.078
4.18541863974;-0.0044865581126;23.3250447668;0.0006;0.0;0.0;3.66888529425;-2.00990336441;28.4045880088;1.9988;2.766;815.5;3.5043382598;-2.00955234069;31.1397718386;1.999;2.602;1639.89;3.39240181381;-2.01076451339;33.9762124383;1.999;2.491;2464.14;3.24996221268;-0.00443098871856;35.9486655014;0.0006;0.0;3293.172
4.18392165372;-0.00293299224673;23.2275155092;0.0006;0.0;0.0;3.66312343291;-2.01082723721;28.3962246684;1.9988;2.76;815.296;3.49935854437;-2.01076457594;31.2373645398;1.999;2.597;1630.484;3.38543709479;-2.00946982158;34.0233475763;1.999;2.484;2445.562;3.27617862178;-0.00288650697593;35.8076141459;0.0006;0.0;3275.328
4.18551825032;-0.000414363297541;23.2096710682;0.0006;0.0;0.0;3.65973361577;-2.01093154615;28.4255897219;1.999;2.754;815.75;3.49490014295;-2.01094350875;31.2451626352;1.999;2.59;1630.641;3.37807397995;-2.01195212532;34.1899362726;1.999;2.474;2445.141;3.28923379379;-0.00148213585628;35.7274110524;0.0008;0.0;3265.016
4.1729165619;-0.00262674482551;26.6029457101;0.0008;0.0;0.0;3.6882478532;-2.01245826781;31.1811382532;1.9992;2.782;825.469;3.52887580383;-2.01001831705;33.6180619621;1.9992;2.624;1659.172;3.43643040392;-2.01075173929;36.0958138985;1.9992;2.531;2492.625;2.93495167983;-0.00263595807428;39.5737867003;0.0008;0.0;3328.937
4.18688226946;-0.00442091453341;25.6113667383;0.0006;0.0;0.0;3.68821858577;-2.00951181469;30.4307129735;1.9992;2.782;825.141;3.52498605777;-2.01173622463;32.8249482448;1.9992;2.619;1658.532;3.42843784411;-2.00940816571;35.2710829901;1.9992;2.523;2492.532;3.01335835098;-0.00251411967233;38.7819599909;0.0008;-0.0;3329.266
4.18653777794;-0.00203196202282;24.7885112218;0.0006;0.0;0.0;3.6783561197;-2.01072794221;29.749862791;1.999;2.774;825.485;3.51604514865;-2.01151201988;32.2395656392;1.999;2.612;1649.766;3.41548004472;-2.01016225564;34.8048965134;1.999;2.51;2474.079;3.09819200973;0.000650104339026;37.8590470128;0.0006;0.0;3301.579
4.18224244328;-0.00253902307784;24.2990389566;0.0006;0.0;0.0;3.67028041195;-2.01152904278;29.2343539717;1.999;2.766;815.953;3.5078782665;-2.00902966048;31.9779474217;1.999;2.604;1640.406;3.40427706151;-2.01074345963;34.6454158092;1.999;2.501;2455.36;3.16734683411;0.00118846521845;37.1213576232;0.0006;0.0;3283.563
4.18574799617;-0.00176036241115;23.9901175285;0.0006;0.0;0.0;3.66615079986;-2.0124894279;28.9852238834;1.9988;2.763;816.219;3.50332271148;-2.01161213035;31.6003547935;1.9988;2.6;1631.563;3.39626834092;-2.01198085419;34.5032621419;1.999;2.493;2446.563;3.22868551172;-0.003510279413;36.5804867062;0.0006;0.0;3275.125
4.18357572412;-0.00112281057045;23.9954149719;0.0006;0.0;0.0;3.66033377418;-2.00883701611;29.0388819213;1.999;2.754;815.625;3.49738517794;-2.01214941433;31.8500053828;1.999;2.592;1630.641;3.38672108607;-2.00976327045;34.7784844927;1.999;2.48;2445.719;3.25957245485;-0.00125424111109;36.4364075035;0.0006;0.0;3265.656
4.18433228182;-0.00440650648296;24.2977594658;0.0006;0.0;0.0;3.65807300615;-2.00945237005;29.3629536019;1.999;2.751;815.406;3.49412901204;-2.01109845931;32.2784832443;1.999;2.588;1630.437;3.38104188555;-2.01091092411;35.1855454929;1.999;2.475;2445.562;3.27741995214;-0.00246427941631;36.530910421;0.0006;0.0;3266.093
4.18469811691;-0.00116257617871;24.1054710727;0.0006;0.0;0.0;3.65511305832;-2.01197167594;29.159302588;1.999;2.749;806.375;3.48930512717;-2.00914379795;32.0746104756;1.999;2.584;1621.485;3.37220119591;-2.00970505913;35.0864333186;1.999;2.467;2436.844;3.30954191049;-0.0037357037493;36.0644950796;0.0006;0.0;3257.594
4.18583594052;-0.00341731038357;23.9762003233;0.0006;0.0;0.0;3.65102437756;-2.01175729927;29.0863470892;1.999;2.747;806.406;3.48403667605;-2.01053921087;32.0173000736;1.999;2.58;1621.437;3.36513159123;-2.00903629574;35.0619314617;1.999;2.461;2427.078;3.3229457963;-0.00420501917625;35.9432725094;0.0008;0.0;3248.593
4.18542618914;-0.00464190574432;23.8241996765;0.0006;0.0;0.0;3.64603117125;-2.00793959241;29.0014554429;1.9988;2.74;805.875;3.48017247768;-2.01302617092;31.9968280973;1.999;2.574;1611.469;3.35749826963;-2.01166924808;35.0316135338;1.999;2.452;2417.25;3.32687749536;-0.0045774706794;35.8929532871;0.0006;0.0;3238.766
4.18446304635;3.33248695576e-05;23.9428035783;0.0008;0.0;0.0;3.64221688668;-2.01048871783;29.1108727612;1.999;2.733;806.75;3.47621101497;-2.01311582728;32.217070294;1.9992;2.567;1612.406;3.3506142684;-2.01039216096;35.4819034792;1.999;2.442;2418.093;3.33640010047;-0.00422054975363;35.9595150242;0.0008;0.0;3240.14
4.18451874454;-0.000638668895472;24.4576462011;0.0008;-0.0;0.0;3.64104173249;-2.00982521215;29.5664818542;1.9992;2.733;806.265;3.47369286787;-2.01010720892;32.6174490388;1.999;2.567;1611.859;3.34510200125;-2.01137686088;35.7902226817;1.999;2.438;2417.296;3.35623132412;-0.00463030015399;36.0373318181;0.0008;0.0;3230.109
4.18445457692;0.00226729872456;24.2529250793;0.0006;0.0;0.0;3.63623924054;-2.01376833259;29.4568361442;1.999;2.731;806.453;3.46839099688;-2.01034663908;32.5185544135;1.999;2.563;1611.64;3.33542591122;-2.01213917665;35.7105141825;1.999;2.429;2416.906;3.37146636138;0.00147438831452;35.7132717402;0.0006;0.0;3229.781
4.18107020261;-0.000896400804075;24.1144883755;0.0006;0.0;0.0;3.63140035578;-2.01002078072;29.2745603379;1.999;2.726;797.156;3.46310284873;-2.00771122219;32.4940885698;1.999;2.557;1602.922;3.32699948694;-2.01311133183;35.7498012238;1.999;2.421;2398.922;3.3960187617;-0.00467274402297;35.3664983474;0.0006;0.0;3212.469
4.18244649645;-0.00208727893451;23.9289268321;0.0006;0.0;0.0;3.62725381135;-2.01057972039;29.0886663072;1.999;2.721;796.797;3.45699419999;-2.00905918224;32.3547940862;1.999;2.55;1602.5;3.31545630935;-2.00847475846;35.6869141936;1.999;2.408;2398.782;3.39388252186;-0.00421127805582;35.1866527238;0.0006;0.0;3213.219
4.1838203403;-0.00417536175608;24.0628565984;0.0006;0.0;0.0;3.62561517186;-2.01215511569;29.366794309;1.999;2.718;796.922;3.45670902233;-2.01326236282;32.64475828;1.9992;2.548;1593.094;3.31574025861;-2.00714469803;36.0532586262;1.999;2.408;2389.61;3.39781586984;-0.00442104201361;35.6761471168;0.0008;-0.0;3203.578
4.18242500809;0.000313394362817;24.4376433503;0.0006;0.0;0.0;3.62185930138;-2.00838521816;29.2654306993;1.9988;2.717;797.047;3.45032477554;-2.01077712111;32.2488991394;1.999;2.545;1593.344;3.30154533643;-2.01113936448;35.5011660292;1.999;2.396;2389.828;3.41642303273;-0.000320002795014;34.716608289;0.0008;0.0;3195.125
4.19098519417;-0.00500168529987;24.3018476115;0.0006;0.0;0.0;3.6223433859;-2.011063638;29.4344724995;1.999;2.72;797.188;3.45101705155;-2.0115394385;32.5796475474;1.999;2.548;1593.875;3.30250825108;-2.00935459168;35.8280341894;1.999;2.401;2390.188;3.41754952868;-0.00144446224144;35.0287363796;0.0006;0.0;3195.313
4.18162644626;-0.00422919737756;24.1161895398;0.0006;0.0;0.0;3.61505173713;-2.01058578376;29.260494366;1.999;2.711;788.188;3.44327058217;-2.00994077605;32.4722377012;1.999;2.538;1584.469;3.28813347451;-2.00980426046;35.868361074;1.999;2.382;2380.954;3.42750538615;-0.00348266485531;34.7749913057;0.0006;0.0;3186.297
4.18335597079;-0.00312763927943;23.9579068554;0.0006;0.0;0.0;3.61245420125;-2.01094487945;29.1617193509;1.999;2.706;787.594;3.43887195445;-2.0091449207;32.4117590537;1.999;2.532;1583.907;3.28299907849;-2.00921999582;35.8123033978;1.999;2.375;2370.516;3.43475084263;-0.00448264841105;34.6978979759;0.0006;0.0;3176.438
4.18244524833;-0.00678845486319;23.9618560955;0.0006;0.0;0.0;3.60831578906;-2.00966594389;29.1818566851;1.999;2.701;787.703;3.4360141683;-2.01054950332;32.4669059755;1.999;2.529;1574.75;3.27746626539;-2.009207329;35.9042464535;1.999;2.37;2361.562;3.44819801992;-0.00121952712077;34.6005415729;0.0006;0.0;3167.593
4.18258524537;-0.0034731216782;24.0319348155;0.0008;0.0;0.0;3.60512729998;-2.00812507019;29.2780984783;1.999;2.698;787.703;3.43216692324;-2.01232138978;32.5900962186;1.999;2.526;1574.531;3.26974675132;-2.00990269742;36.0650288313;1.999;2.364;2361.14;3.44713635849;0.000722634345096;34.6551863148;0.0008;0.0;3167.719
4.17741760002;-0.00101200404835;24.0547967378;0.0006;0.0;0.0;3.59864451052;-2.00809238185;29.3009144553;1.999;2.692;787.875;3.42638535784;-2.00922841948;32.6821516084;1.999;2.52;1574.578;3.25530659915;-2.01102520195;36.2685613613;1.999;2.348;2361.813;3.4551154406;-0.00192714318455;34.4966150368;0.0006;0.0;3159.078
4.18295192478;-0.000696983183689;24.0048538289;0.0006;0.0;0.0;3.60155823506;-2.00951375603;29.2779489549;1.999;2.695;778.454;3.42587929025;-2.01050110319;32.6519341422;1.999;2.519;1564.829;3.25666425922;-2.00816205903;36.2334612786;1.999;2.35;2351.829;3.46802300518;-0.00128822765471;34.5878939663;0.0006;0.0;3148.829
4.18325830476;0.00293935795538;23.9882234366;0.0006;0.0;0.0;3.59846135227;-2.01181220078;29.2929835602;1.999;2.693;778.282;3.42180774501;-2.00799452338;32.695871626;1.999;2.516;1564.922;3.24819178795;-2.00855819292;36.3064899751;1.999;2.342;2351.469;3.47113359728;-0.00449031192608;34.4839121889;0.0006;0.0;3149.094
4.18317036097;0.00469974764221;23.9747256868;0.0006;0.0;0.0;3.59492812679;-2.01079768835;29.3162541497;1.999;2.689;778.203;3.41785649802;-2.01048463634;32.7873859222;1.999;2.513;1565.25;3.24406326013;-2.01023960378;36.3766266308;1.999;2.338;2342.641;3.48833908869;-0.00122156920873;34.3231682973;0.0008;0.0;3140.547
4.1833592567;0.00196359146221;23.9721869656;0.0006;0.0;0.0;3.59173178816;-2.00765231894;29.3349719989;1.9988;2.686;778.531;3.41539428276;-2.01222847498;32.7999857605;1.999;2.51;1556.031;3.24000912098;-2.01064876541;36.4323565631;1.999;2.334;2333.656;3.48822644047;-9.19700808135e-05;34.3711241374;0.0006;0.0;3131.625
4.18290956409;-0.0017253512735;23.8967212503;0.0006;0.0;0.0;3.58807052495;-2.00602352271;29.2779959503;1.999;2.683;778.625;3.41131508709;-2.01006000308;32.781198186;1.999;2.505;1555.703;3.23122348595;-2.00936265779;36.4747571029;1.999;2.326;2333.25;3.48770023467;-0.00254620318292;34.3726200369;0.0006;0.0;3121.907
4.18193968815;-0.00393685078747;23.848871479;0.0006;0.0;0.0;3.58395199397;-2.01088278203;29.2593120805;1.9988;2.678;778.125;3.40664313845;-2.01076629653;32.7843543944;1.999;2.5;1555.671;3.22105600229;-2.01063753082;36.536327164;1.999;2.315;2333.093;3.50191442129;-0.00180505128675;34.0673735278;0.0006;0.0;3122.125
4.18215985406;-0.00249971919412;23.8736485471;0.0006;0.0;0.0;3.58081704254;-2.0124465761;29.2565867349;1.999;2.674;778.282;3.40161119653;-2.01072708689;32.8980044049;1.999;2.496;1555.438;3.2109437874;-2.0096482976;36.7383410136;1.999;2.305;2332.5;3.5064898837;-0.0023469957655;34.0142781646;0.0006;0.0;3121.672
4.18996270197;-0.00451424206897;24.4545022991;0.0006;0.0;0.0;3.60082200001;-2.00757671786;29.8741315448;1.9988;2.7;778.485;3.42333243994;-2.00864986809;33.2848029104;1.999;2.524;1555.875;3.25894212001;-2.00926134696;36.8491357225;1.999;2.36;2333.422;3.46127125566;-0.00158936407329;35.6339002904;0.0008;0.0;3120.86
4.18121447564;-0.00270244474401;23.8141804292;0.0006;-0.0;0.0;3.58835238442;-2.01081313516;29.2809770586;1.9988;2.687;768.828;3.40882446174;-2.01202558823;32.8969622262;1.9988;2.508;1546.485;3.23422751495;-2.01136662484;36.6830546584;1.9988;2.334;2314.906;3.49597974717;-0.00281306215671;34.6319351328;0.0006;0.0;3103.828
4.18165280361;-0.000731982431837;23.3934137605;0.0006;0.0;0.0;3.58083209617;-2.00984478149;29.0341425617;1.9988;2.679;769.063;3.4020020629;-2.00862039237;32.7250570366;1.9988;2.5;1537.438;3.22147914765;-2.00708881787;36.694269198;1.999;2.321;2305.969;3.49586823277;-0.00224554784132;34.4836647988;0.0006;0.0;3095.094
4.18012798441;-0.00181995675502;23.4949296667;0.0006;0.0;0.0;3.57594611983;-2.00954124398;29.1415328014;1.999;2.672;769.125;3.39715765375;-2.01155899629;32.9252470544;1.999;2.494;1537.234;3.21143460973;-2.01020943633;36.932361709;1.999;2.309;2305.531;3.51683247777;-0.00304817777403;34.1989063607;0.0006;0.0;3095.781
4.18243525336;-0.00238919962944;23.9487649268;0.0006;0.0;0.0;3.57691499617;-2.01098636797;29.6570189021;1.9992;2.669;769.109;3.39751388132;-2.0096348556;33.3960971173;1.999;2.49;1537.109;3.21294505213;-2.01091629968;37.4118377075;1.999;2.306;2304.938;3.51408055902;-0.00303093348268;34.7344088881;0.0006;0.0;3094.328
4.18297051371;-0.0010354869279;24.3056360722;0.0006;0.0;0.0;3.57631169047;-2.01065825144;29.9156678524;1.999;2.671;769.266;3.39621612126;-2.01058618538;33.7221705878;1.999;2.492;1537.688;3.20923391314;-2.01355295474;37.6991501279;1.999;2.305;2306.031;3.51791692659;-0.0031973699811;34.8545160684;0.0006;0.0;3086.531
4.18258838969;-0.00020122334419;24.1664225223;0.0006;0.0;0.0;3.57190729978;-2.01088072926;29.8482672287;1.9988;2.667;768.844;3.39138543947;-2.01185042976;33.651395086;1.999;2.486;1537.0;3.19894058273;-2.01135140318;37.6801793507;1.999;2.295;2304.922;3.51910167585;-0.00283265697499;34.7145475421;0.0006;0.0;3085.625
4.18028354589;-0.00458912366259;23.9807955547;0.0006;0.0;0.0;3.5684536992;-2.00717822521;29.6096304558;1.9988;2.664;759.343;3.38583645155;-2.00896066012;33.4715205517;1.999;2.482;1527.546;3.19213971436;-2.00999299928;37.4523257595;1.9988;2.289;2286.031;3.5214936432;-0.0023048413012;34.4084419644;0.0006;0.0;3067.203
4.18227754885;-0.00570019796501;23.6419736697;0.0006;0.0;0.0;3.56425422093;-2.01025422405;29.3547077916;1.9988;2.66;760.063;3.38184846806;-2.0083872282;33.2184574558;1.9988;2.478;1518.547;3.18662240732;-2.0112268826;37.3378114445;1.999;2.283;2277.188;3.53119961713;-0.00326635051867;34.2299179006;0.0006;0.0;3058.157
4.18248368766;-0.00291577908049;23.829441222;0.0006;0.0;0.0;3.56348701877;-2.0094168565;29.6226819636;1.999;2.656;759.937;3.38180040682;-2.00931029619;33.5392301401;1.999;2.474;1518.687;3.18809285319;-2.01120147088;37.6903480522;1.999;2.281;2277.562;3.54068282882;-0.00259043873749;34.4546796797;0.0008;0.0;3058.812
4.18260634781;-0.00333008155284;24.2098464769;0.0008;0.0;0.0;3.5643032857;-2.01076328193;29.9666358186;1.999;2.658;759.547;3.38205897032;-2.01100946502;33.8431405266;1.999;2.476;1518.39;3.18784980736;-2.01277443961;38.0131869007;1.999;2.283;2277.234;3.53565411877;-0.00583440113143;34.8031029056;0.0006;0.0;3058.578
4.18294989001;-0.00211404330645;24.2732234522;0.0008;0.0;0.0;3.56275476329;-2.00894596515;30.0220419782;1.999;2.657;759.359;3.38000458352;-2.00778821936;33.9243151917;1.999;2.474;1517.984;3.18329168836;-2.01038158705;38.104239749;1.999;2.278;2277.219;3.54264808675;-0.000810782782587;34.8193048233;0.0006;0.0;3049.328
4.22235333204;-0.00227649733737;24.0581768446;0.0006;0.0;0.0;3.60959523296;-2.00949060568;30.0307798565;1.999;2.705;787.735;3.42087092431;-2.01202809048;33.2402323096;1.999;2.515;1584.0;3.27387156235;-2.01093003579;36.9621950761;1.9992;2.367;2371.172;3.50294685186;-0.00408284852302;36.5524367798;0.0006;0.0;3177.219
4.1908104966;-0.00169586952152;24.6767243801;0.0006;0.0;0.0;3.6014247522;-2.01080360496;30.1150344381;1.999;2.701;769.281;3.42745535667;-2.01262925229;33.4207909454;1.999;2.528;1537.172;3.28367933828;-2.01120082111;36.9245975745;1.999;2.386;2305.328;3.45914457514;-0.00124371340723;36.570293016;0.0006;0.0;3082.937
4.18281240491;-0.00231369939818;24.7137496367;0.0006;0.0;0.0;3.59173022803;-2.01077260535;30.0733385401;1.999;2.687;759.641;3.41557897142;-2.01070074279;33.5257302466;1.9988;2.512;1527.75;3.26052258811;-2.00886932205;37.1743199315;1.999;2.358;2295.984;3.48859085148;0.000257074591837;35.9563989064;0.0006;0.0;3074.266
4.18389427473;-0.00692613644192;24.4672107461;0.0006;0.0;0.0;3.58433046029;-2.00954606548;29.8810389837;1.999;2.679;759.625;3.40623375197;-2.01032523847;33.427879672;1.9988;2.502;1527.672;3.24535248528;-2.00998211527;37.1467896764;1.999;2.342;2286.687;3.50066257082;-0.00445651947067;35.572035216;0.0006;0.0;3066.0
4.18384756733;-0.00336503482095;24.2246514934;0.0006;0.0;0.0;3.57846533541;-2.00412244939;29.7246786134;1.999;2.671;759.515;3.40034123254;-2.00855831352;33.3113207284;1.999;2.493;1518.328;3.23314902587;-2.01226903975;37.1075167232;1.999;2.327;2277.047;3.51909851306;-0.000521645935222;35.1262605922;0.0006;0.0;3056.437
4.18325973438;-0.00355790252725;24.1135834302;0.0008;0.0;0.0;3.57234424745;-2.0129886536;29.6511539506;1.999;2.665;759.703;3.39357790409;-2.00957473116;33.3179610209;1.999;2.486;1518.375;3.21944807747;-2.01233514979;37.1912780707;1.999;2.314;2277.172;3.52128609528;0.0021242129149;35.0524540696;0.0006;0.0;3048.219
4.18315259821;-0.00308694887882;24.1523508485;0.0006;0.0;0.0;3.57139723832;-2.01029733054;29.6863458119;1.999;2.667;750.5;3.39074755463;-2.00666553555;33.4009503637;1.999;2.486;1509.312;3.21453074435;-2.01100480833;37.3387984176;1.999;2.311;2268.156;3.53158511558;-0.00127714932566;34.9913129391;0.0008;0.0;3039.218
4.183529724;-0.00300868637557;24.1926071663;0.0006;0.0;0.0;3.56833351684;-2.00977485694;29.7584163406;1.999;2.662;750.406;3.38649027372;-2.00985582181;33.4926113306;1.999;2.48;1508.875;3.20603423139;-2.01027670787;37.470975214;1.999;2.301;2267.516;3.53292628785;-0.0028830904415;34.9435996859;0.0008;0.0;3039.047
4.1816779652;-0.00191472945632;24.2386098556;0.0006;0.0;0.0;3.56376490867;-2.01088304027;29.7947390964;1.9988;2.658;750.453;3.38235031158;-2.0103573348;33.5693248375;1.999;2.476;1509.328;3.19979996104;-2.00905958629;37.5418598372;1.9988;2.295;2258.938;3.53904548875;-0.00474371728831;34.8498356014;0.0006;0.0;3030.375
4.18319724608;-0.000533690019748;24.1910280627;0.0006;0.0;0.0;3.56118053441;-2.01146879274;29.8113599794;1.9988;2.654;750.031;3.38069769113;-2.0110567543;33.5891007378;1.999;2.474;1499.313;3.19790995268;-2.00911457445;37.5774169845;1.999;2.292;2248.578;3.54554713378;-0.00500329661114;34.8609975508;0.0008;0.0;3021.0
4.18284774763;-0.00190484051546;24.2264748053;0.0008;0.0;0.0;3.55871126036;-2.00934193844;29.8584618756;1.999;2.654;750.218;3.37739229038;-2.00846042684;33.6852416426;1.999;2.472;1499.531;3.19104530516;-2.00936983776;37.709331787;1.999;2.287;2249.5;3.54845658625;-0.00407659878528;34.8376625504;0.0008;0.0;3021.75
4.18259325316;-0.00155128772699;24.2217892296;0.0006;0.0;0.0;3.55575192724;-2.00876717588;29.8754623531;1.999;2.65;750.234;3.37400846901;-2.00628196172;33.7194168509;1.999;2.468;1499.718;3.18399575562;-2.01045657003;37.8117457184;1.999;2.279;2249.531;3.54992595937;-0.00336963327814;34.8787078064;0.0006;0.0;3012.265
4.18153658081;-0.00360614938255;24.2180849879;0.0008;0.0;0.0;3.55514263546;-2.01199753441;29.8441577732;1.999;2.65;741.047;3.37206927714;-2.00986034972;33.7271225391;1.999;2.466;1490.656;3.17980714238;-2.01117752763;37.8314669227;1.9988;2.275;2239.688;3.56223691182;-0.0030866542358;34.667993851;0.0006;0.0;3002.641
4.17203439963;-0.0021653434073;24.266994667;0.0008;0.0;0.0;3.54980960448;-2.0112939257;30.0296403188;1.999;2.643;750.266;3.37141659759;-2.01122828697;34.09345269;1.9992;2.46;1499.516;3.18236017933;-2.00766317503;38.3439352454;1.9992;2.274;2249.203;3.55876989457;-0.00348619715924;35.2557669852;0.0006;0.0;3012.0
4.18842754946;0.000693120277143;25.0105233074;0.0006;0.0;0.0;3.56933596838;-2.010455876;30.5848742249;1.999;2.671;750.485;3.39085724618;-2.00885283103;34.3311379762;1.999;2.493;1499.891;3.22010077264;-2.01100894344;38.2358273626;1.999;2.323;2249.329;3.54138349633;-0.00168149997159;35.8712641898;0.0006;0.0;3020.11
4.18133585635;-0.00375686550519;24.8198405005;0.0006;0.0;0.0;3.56160808455;-2.01250029411;30.4157972968;1.999;2.655;740.922;3.3806410512;-2.00962632255;34.2825739159;1.999;2.474;1490.391;3.19956350811;-2.01014804042;38.3469960744;1.999;2.293;2240.438;3.55732034806;-0.00362423004627;35.558674193;0.0006;0.0;3002.172
4.17954624315;-0.000303044808261;24.6617689802;0.0008;0.0;0.0;3.55422447234;-2.00968828592;30.3029770205;1.999;2.647;740.453;3.37316065206;-2.00971387187;34.2353489399;1.999;2.466;1489.922;3.18705490794;-2.00826712084;38.3218793606;1.999;2.281;2229.672;3.55600211599;-0.000122087771886;35.3791733273;0.0006;0.0;2992.703
4.18088822946;-0.000971783013023;24.4311183149;0.0006;0.0;0.0;3.55248594581;-2.01107101884;30.071836514;1.999;2.644;731.14;3.3707338597;-2.00712408913;34.0127597562;1.999;2.462;1471.39;3.18456411229;-2.01130103519;38.1361978791;1.999;2.277;2211.422;3.5654509272;-0.00300224413912;35.2583587919;0.0008;0.0;2964.468
4.18266773436;-0.00799048197402;24.3422696565;0.0006;0.0;0.0;3.5467000008;-2.01125836238;30.1242443031;1.999;2.636;740.5;3.36509672653;-2.01217492124;34.1399346293;1.9992;2.455;1480.219;3.17306061364;-2.01010831745;38.3195374224;1.999;2.264;2220.282;3.57781092767;-0.00266012130852;34.9777435749;0.0008;0.0;2983.375
4.17968489059;-0.00676969511215;24.694622781;0.0006;0.0;0.0;3.54435134611;-2.01171352074;30.4196736611;1.9992;2.634;741.391;3.36402464819;-2.00952182018;34.4526119191;1.9992;2.454;1481.516;3.16735069163;-2.01255751496;38.6744424179;1.9992;2.258;2221.641;3.58238427427;-0.00428937936184;35.095366747;0.0006;0.0;2975.297
4.18224535785;-0.00307655798598;24.8337938028;0.0006;0.0;0.0;3.54434844125;-2.01036897208;30.5972696353;1.999;2.636;740.953;3.3626042901;-2.01020106482;34.614608036;1.999;2.454;1481.266;3.1647905974;-2.01110099584;38.8228803963;1.999;2.258;2221.391;3.58367020917;-0.00251696015719;35.2346612555;0.0008;0.0;2974.985
4.18245379343;-0.000407755424162;24.5710347363;0.0006;0.0;0.0;3.5423857732;-2.01112885216;30.3399542485;1.999;2.635;731.563;3.35824208077;-2.01920266734;34.3966174849;1.999;2.451;1472.047;3.15750903919;-2.01081896638;38.6407689862;1.999;2.251;2212.141;3.58562537388;-0.000632857452603;35.0345809347;0.0006;0.0;2966.25
4.18238218238;-0.00847821872345;24.3737881286;0.0008;0.0;0.0;3.53884202285;-2.01067925846;30.1767736181;1.999;2.628;731.312;3.35425983878;-2.00951548124;34.2968894436;1.999;2.444;1471.156;3.15538628543;-2.01677044989;38.5409155282;1.999;2.247;2202.078;3.58898428472;-0.00465335699173;34.9597362367;0.0008;0.0;2956.359
4.17953302855;-0.00174558774385;24.6289343728;0.0008;0.0;0.0;3.5364549114;-2.00890548304;30.4273069302;1.999;2.627;731.125;3.35315912954;-2.00772966173;34.5728369333;1.9992;2.444;1470.844;3.14994250293;-2.00946303746;38.8415687375;1.9992;2.241;2201.891;3.58647002106;-0.00473477362663;35.1303640902;0.0008;0.0;2956.344
4.18238508864;0.00141276202119;24.9086579816;0.0006;0.0;0.0;3.53861753348;-2.01113893949;30.7119038404;1.999;2.629;731.375;3.35469234042;-2.0094861928;34.8314336771;1.999;2.444;1471.203;3.15341562452;-2.00825735512;39.0828984099;1.999;2.245;2202.062;3.59235157525;-0.00416431105246;35.3100083982;0.0008;0.0;2956.406
4.182683463;-0.00617778420735;24.7869003195;0.0006;0.0;0.0;3.53566159618;-2.01140992919;30.5900359882;1.999;2.627;731.734;3.35244560416;-2.01048212244;34.6805198818;1.999;2.444;1462.531;3.15064678976;-2.01213690251;38.9485995721;1.999;2.243;2193.422;3.59631240702;-0.00197131580436;35.1696182097;0.0006;0.0;2947.266
4.18241396961;-0.00204547742654;24.554936704;0.0008;0.0;0.0;3.53144067993;-2.00504303312;30.3983955762;1.999;2.622;731.453;3.3478815283;-2.01130984821;34.5340301616;1.999;2.438;1462.187;3.14107797811;-2.00930992677;38.8466880759;1.999;2.233;2192.875;3.60023891274;-0.00321293909644;34.9938442797;0.0008;0.0;2937.984
4.182411904;-0.000675502127165;24.3264242073;0.0006;0.0;0.0;3.53066331255;-2.01062638192;30.1789880202;1.999;2.622;722.641;3.34549033606;-2.01151058151;34.3834055401;1.999;2.436;1453.156;3.13836845043;-2.01143002713;38.7250323937;1.999;2.23;2183.625;3.60426198706;-0.00528618612565;34.8705133885;0.0006;0.0;2929.125
4.18109918674;-0.000902686800013;24.5752990286;0.0006;0.0;0.0;3.53056782056;-2.01071679786;30.4382446903;1.999;2.617;722.141;3.3461390003;-2.01231710316;34.6393282715;1.999;2.432;1452.907;3.13851469817;-2.00989679978;39.0035153281;1.9992;2.226;2183.579;3.61020878477;-0.00588001853137;34.9915031581;0.0008;0.0;2928.454
4.18011065921;-0.0031684238724;24.9935833374;0.0008;0.0;0.0;3.53113726915;-2.0100298703;30.8153699094;1.9992;2.623;722.484;3.34757349343;-2.01082707485;34.996738003;1.9992;2.438;1453.234;3.13856251856;-2.01114541628;39.3567279729;1.9992;2.231;2183.968;3.60438484735;-0.00269748179416;35.3703535487;0.0006;0.0;2929.375
4.16357026107;-0.00795035071322;25.165220711;0.0006;0.0;0.0;3.53606533459;-2.01025829718;30.6790996056;1.9992;2.629;731.516;3.36114475068;-2.01291371299;34.6475690481;1.9992;2.454;1462.172;3.17315711407;-2.01202675069;38.7342256472;1.9992;2.265;2192.969;3.59293959117;-0.000289704369684;35.3579266812;0.0008;0.0;2946.031
4.19001286877;-0.00523970498758;25.1693493463;0.0006;0.0;0.0;3.55197303923;-2.01445117931;30.8551906879;1.999;2.65;731.391;3.37041785557;-2.01140284527;34.7759079462;1.9992;2.47;1471.5;3.19139789415;-2.01359052783;38.7803370775;1.999;2.292;2202.031;3.58626153336;-0.00269669317389;35.8874924215;0.0006;0.0;2955.438
4.1823381125;-0.00120303468733;24.8214382129;0.0006;0.0;0.0;3.53837915755;-2.0106283693;30.5806386144;1.999;2.631;731.797;3.35793364535;-2.01232451087;34.57551491;1.999;2.45;1462.344;3.16585222085;-2.01047940041;38.7358522144;1.999;2.259;2193.094;3.59937332185;-0.00480936927936;35.4136262452;0.0006;0.0;2937.625
4.18198119418;-0.00259681813487;24.4598610499;0.0006;0.0;0.0;3.53355396119;-2.01303324523;30.2399048078;1.9988;2.624;722.141;3.35068456728;-2.008914233;34.3362505849;1.999;2.441;1453.282;3.15122938085;-2.00997984235;38.5948869554;1.999;2.243;2183.828;3.61331337092;-0.00369563318144;34.8666265031;0.0006;0.0;2929.078
4.18265262788;-0.00419093084572;24.3169389498;0.0008;0.0;0.0;3.52946615437;-2.01340209162;30.1615548939;1.999;2.62;721.735;3.34553683051;-2.00892691149;34.316980455;1.999;2.435;1452.219;3.14493426971;-2.01004241014;38.5695100743;1.999;2.236;2173.61;3.61291640078;0.00244816453992;34.9004655348;0.0006;-0.0;2918.375
4.18227032549;-0.00442029496435;24.2993582831;0.0006;0.0;0.0;3.52586481306;-2.01070047913;30.1770720242;1.999;2.616;722.187;3.34151405674;-2.0085896266;34.3691162228;1.999;2.431;1453.266;3.13468202582;-2.01074088379;38.6682259057;1.999;2.226;2174.797;3.62307676233;-0.0044828777751;34.624064867;0.0006;0.0;2919.812
4.18239453529;0.00169601652249;24.2649556811;0.0006;0.0;0.0;3.52305498166;-2.00905620107;30.1683358549;1.999;2.612;722.375;3.34003971271;-2.00852744335;34.348283097;1.999;2.428;1443.907;3.13265778733;-2.01039716834;38.6794761069;1.999;2.223;2165.063;3.6225410007;-0.000372571510553;34.7476176468;0.0006;0.0;2900.422
4.18206194747;-0.00164184629109;24.2340492612;0.0006;0.0;0.0;3.52012769797;-2.01034744573;30.1629747904;1.999;2.611;722.5;3.33677257094;-2.01086091431;34.3549720106;1.999;2.427;1443.563;3.12428975887;-2.01094469271;38.7352429074;1.999;2.217;2164.875;3.62627590008;-0.000678045544228;34.6069863387;0.0008;0.0;2901.375
4.18228898711;-0.00296891726843;24.084014831;0.0006;0.0;0.0;3.51665033624;-2.00992397255;30.056478538;1.999;2.607;722.0;3.33286586613;-2.01092390257;34.297049229;1.999;2.422;1442.953;3.11519924327;-2.01087391934;38.7027432345;1.999;2.207;2164.375;3.63093958249;-0.00256255293197;34.3758393274;0.0006;0.0;2901.187
4.17963383532;-0.00374967719861;24.0327444197;0.0006;0.0;0.0;3.51590268567;-2.01041111256;29.9536113448;1.999;2.606;712.453;3.33101996507;-2.00991771215;34.237309921;1.999;2.421;1433.578;3.10994291901;-2.01100932408;38.7153922489;1.999;2.202;2155.0;3.63665215167;-0.00375202512757;34.2150925818;0.0006;0.0;2891.64
4.18139263523;-0.00114459746724;24.0350497347;0.0008;0.0;0.0;3.51479218777;-2.00987890528;30.0013094911;1.999;2.604;712.89;3.3293226096;-2.01195541513;34.2987956822;1.999;2.418;1434.312;3.11223021455;-2.01118465716;38.7035553928;1.999;2.203;2146.562;3.63364867489;0.000971062580228;34.4045257483;0.0006;0.0;2882.906
4.18188386152;-3.08348612023e-05;24.0671332913;0.0006;0.0;0.0;3.51329791095;-2.00950597407;30.0415532301;1.999;2.604;712.922;3.32748915164;-2.01027673604;34.3494812844;1.999;2.416;1434.125;3.10832382914;-2.01260530381;38.7933505502;1.999;2.199;2146.109;3.64085264218;-0.00363099926234;34.2710553863;0.0006;0.0;2883.265
4.18205427692;0.000553964813179;24.0039513419;0.0006;0.0;0.0;3.51109949351;-2.00959091648;29.9887725978;1.9988;2.602;712.594;3.32482778813;-2.00940481114;34.3432724544;1.999;2.415;1433.844;3.1014094086;-2.01018632929;38.8132637313;1.999;2.194;2145.75;3.64630414467;-0.00161058868111;34.0994986955;0.0008;0.0;2882.969
4.1688160463;0.00113560691968;24.665219663;0.0006;0.0;0.0;3.51379475571;-2.0116624895;30.4112700221;1.9992;2.603;712.953;3.33174946927;-2.01071135861;34.6199422774;1.9992;2.42;1434.312;3.10895546803;-2.00990815618;38.9981476401;1.9992;2.197;2155.328;3.64318552529;-0.00516124681394;34.347474813;0.0006;0.0;2891.656
4.19010922098;-0.00615300958848;24.8053575558;0.0006;0.0;0.0;3.52835969278;-2.00963383103;30.4496883967;1.999;2.626;722.234;3.34522819479;-2.0126053506;34.3394734927;1.9988;2.444;1443.781;3.14087677612;-2.00906252639;38.3247543531;1.999;2.242;2165.312;3.63009179178;-0.0066818333182;34.6427782445;0.0006;0.0;2901.25
4.18697704231;-0.00330120753357;24.5687770096;0.0006;0.0;0.0;3.52129126493;-2.00945423157;30.2069455988;1.999;2.617;712.484;3.33645965347;-2.00859001911;34.1834832279;1.999;2.434;1433.625;3.11942953134;-2.00944644822;38.3118497869;1.999;2.219;2154.766;3.64438314531;-0.00306834514273;34.1259428251;0.0006;0.0;2891.703
4.18210309982;-0.000441183768194;24.3152710466;0.0008;0.0;0.0;3.51266720509;-2.01265207584;30.0375587045;1.9988;2.602;712.688;3.32731322127;-2.01062160026;34.1398527795;1.999;2.416;1433.656;3.10408154625;-2.00913687019;38.2775991675;1.999;2.196;2145.453;3.64772484309;-0.00468703245479;33.8873767821;0.0006;0.0;2883.016
4.18224121595;-0.00203935789589;24.003796004;0.0006;0.0;0.0;3.50739297892;-2.01208806407;29.7885828025;1.999;2.596;712.5;3.32349093269;-2.00792663918;33.8732373979;1.999;2.411;1424.281;3.09655378797;-2.01061753355;38.1048325424;1.999;2.187;2136.344;3.6547588813;-0.00515910791107;33.5621850797;0.0006;0.0;2873.453
4.18110927346;-0.00278452545035;24.360699515;0.0006;0.0;0.0;3.50749604804;-2.01100977414;30.1274389592;1.999;2.597;712.844;3.32425682118;-2.00939953245;34.2345786546;1.9992;2.413;1424.859;3.09485303419;-2.00899491875;38.4810971216;1.999;2.185;2136.844;3.6498482167;-0.00363225656064;33.9751294696;0.0006;-0.0;2874.031
4.18189263312;-0.000694007617031;24.6217733909;0.0006;0.0;0.0;3.50779940422;-2.01064966452;30.3660456057;1.999;2.599;712.703;3.32457191403;-2.01176606449;34.4533857735;1.999;2.414;1424.875;3.09182371051;-2.01143241692;38.6693616623;1.999;2.184;2136.906;3.65479505339;-0.00377113203318;33.9938311075;0.0006;0.0;2874.234
4.18107907357;-0.000761313042696;24.3624407002;0.0006;0.0;0.0;3.50304477041;-2.010711562;30.1587764644;1.999;2.596;712.766;3.31898335184;-2.01350481482;34.2602624599;1.999;2.41;1424.656;3.07643387897;-2.0120505675;38.5780401834;1.999;2.171;2136.422;3.65519692144;-0.00160859274905;33.8002108258;0.0006;0.0;2864.984
4.1798493557;-0.00251443180646;24.0582883381;0.0006;0.0;0.0;3.50022794571;-2.00890975961;29.8174393769;1.9988;2.594;703.734;3.31456795687;-2.00870323332;34.0232965809;1.9988;2.408;1415.859;3.06630954287;-2.00803796967;38.3762366281;1.9988;2.162;2127.828;3.66092018525;-0.00367933882484;33.399078346;0.0006;0.0;2855.093
4.1816419696;-0.0038228797008;23.8400365519;0.0006;0.0;0.0;3.49763669048;-2.01181640064;29.6939996648;1.999;2.59;703.078;3.3109517123;-2.01288762948;33.8987931674;1.999;2.402;1415.078;3.05910542873;-2.01480412851;38.2978263414;1.999;2.153;2127.063;3.66655064647;-0.00324939426492;33.1715227918;0.0006;0.0;2855.625
4.1815481988;-0.000622155260346;24.1161450984;0.0006;0.0;0.0;3.49884264316;-2.01132362163;29.9686325298;1.999;2.59;703.078;3.31280945389;-2.0087896965;34.2262092167;1.999;2.402;1414.953;3.06090436523;-2.01083661351;38.6367305781;1.999;2.153;2127.015;3.6648304201;-0.00129047076945;33.5258930045;0.0006;0.0;2855.594
4.18163110616;-0.0029782867329;24.2483754316;0.0006;0.0;0.0;3.49786313656;-2.01054125456;30.0825614719;1.999;2.59;703.578;3.31135239979;-2.01101111962;34.2946963773;1.999;2.403;1415.531;3.06116528454;-2.00909581607;38.6378561359;1.999;2.156;2118.078;3.66707084181;-0.0024174112114;33.4843475987;0.0006;0.0;2847.437
4.17871249849;-0.00461356758137;23.9727638741;0.0006;0.0;0.0;3.4917027715;-2.01052580851;29.8389917436;1.999;2.586;703.5;3.30497998962;-2.01098821252;34.0995244546;1.999;2.398;1415.532;3.03939691556;-2.01082703533;38.530079658;1.999;2.135;2118.266;3.67106389655;-0.00191448458554;33.0512719542;0.0006;0.0;2847.36
4.18114889444;-0.0034364189805;23.679989442;0.0006;0.0;0.0;3.48811172875;-2.00961485965;29.5947759597;1.9988;2.582;703.297;3.30196246375;-2.00936851618;33.8573369794;1.9988;2.394;1405.719;3.03896343679;-2.01066987292;38.3341879933;1.9988;2.135;2108.438;3.67552799055;-0.000216240567834;32.7953615343;0.0006;0.0;2837.328
4.18124664894;-0.00456655701802;23.5325324874;0.0006;0.0;0.0;3.48549957148;-2.00689184064;29.5342369964;1.999;2.577;703.437;3.29940380956;-2.00839963262;33.8220371879;1.999;2.39;1406.046;3.03034953185;-2.00678958407;38.3385460353;1.999;2.123;2108.75;3.67291170662;-0.00489984712723;32.8784663658;0.0008;0.0;2837.281
4.18208380671;-0.0026709234271;23.9003902325;0.0006;0.0;0.0;3.48826091622;-2.01070951571;29.8742271284;1.999;2.58;703.219;3.30264273549;-2.01230906528;34.1673159436;1.999;2.393;1406.14;3.03397937143;-2.01120042112;38.664583752;1.999;2.128;2108.812;3.67294260828;-0.00150424752477;33.2143260591;0.0006;0.0;2838.515
4.17946565664;-0.00188433310166;23.9271619011;0.0006;0.0;0.0;3.48523687644;-2.01026579357;29.8692150864;1.999;2.577;703.719;3.29974775067;-2.0120705847;34.1532905034;1.999;2.39;1406.109;3.01942982409;-2.01118858752;38.694532209;1.999;2.113;2108.562;3.67642687193;0.00185284127056;33.0100860668;0.0006;0.0;2828.328
4.16424178821;-0.00419842508759;23.5632217779;0.0006;0.0;0.0;3.48267985016;-2.01149568121;29.6308425815;1.999;2.576;703.359;3.30149260134;-2.00819971194;34.0856326271;1.999;2.394;1406.14;3.0337480395;-2.00928527507;38.7015631014;1.999;2.128;2108.875;3.67874834922;-0.00383972142287;32.8326694831;0.0006;0.0;2838.265
4.18923869316;-0.00214014869481;24.1829860712;0.0006;0.0;0.0;3.50807088475;-2.01254148382;30.2487411259;1.9988;2.603;712.672;3.32373333729;-2.00961495938;34.5678251107;1.999;2.418;1424.5;3.08064169465;-2.01213334921;39.1354804132;1.999;2.179;2136.469;3.66602438127;-0.00583601993317;33.9592015843;0.0006;0.0;2864.547
4.1806626172;-0.00395378359921;24.1379012899;0.0006;0.0;0.0;3.49606812674;-2.01371978271;30.2437843914;1.9988;2.586;703.14;3.31094938651;-2.01209038528;34.7301604083;1.9988;2.4;1415.156;3.04691957562;-2.00971440067;39.3847971845;1.999;2.139;2117.796;3.67351784319;-0.00774479812332;33.667155411;0.0006;0.0;2846.39
4.18103294278;-0.00353191720933;23.9630973882;0.0006;0.0;0.0;3.48867618135;-2.01026023632;30.1183493292;1.9988;2.578;703.375;3.30453273778;-2.01132267879;34.6229636441;1.9988;2.392;1406.016;3.02503519878;-2.0091517811;39.374657009;1.999;2.117;2108.453;3.67926532562;-0.00306785479982;33.2904766686;0.0006;0.0;2837.969
4.17964376586;-0.00211007294861;23.8528075049;0.0006;0.0;0.0;3.48267283818;-2.01305410469;30.0718398954;1.9988;2.572;703.188;3.29783039324;-2.0092855486;34.6323041538;1.9988;2.386;1405.735;2.99513075406;-2.01041310971;39.5309057251;1.999;2.088;2108.36;3.68100053021;-0.0010619899134;33.0677214501;0.0006;0.0;2838.156
4.18065348697;-0.000470405894673;23.7530341235;0.0006;0.0;0.0;3.4788466683;-2.00938156777;30.0220934175;1.9988;2.568;703.203;3.29278442535;-2.01071669207;34.6572186368;1.999;2.38;1406.015;2.97584389679;-2.01245239791;39.6316639701;1.999;2.069;2108.562;3.68162106597;-0.00558467498566;33.0588623896;0.0006;0.0;2829.843
4.18136519013;-0.00218773308719;23.7213336833;0.0006;0.0;0.0;3.47554939446;-2.01101476689;30.0424035796;1.9988;2.564;703.985;3.28908185277;-2.01050539484;34.6946931148;1.9988;2.376;1406.375;2.95704207138;-2.01284209228;39.7588583941;1.999;2.051;2108.656;3.68705804701;-0.00209957015394;32.8061930894;0.0006;0.0;2829.625
4.18035935907;-0.00160834418237;23.7598221453;0.0006;0.0;0.0;3.47617662205;-2.00984566954;29.9939581976;1.999;2.564;693.672;3.28760059105;-2.00993442162;34.6870422585;1.9988;2.374;1396.687;2.94990102002;-2.01304011449;39.7809856662;1.9988;2.043;2098.922;3.68660962303;-0.00280674104032;32.855392112;0.0006;0.0;2819.437
4.18127723621;-0.00107329145745;23.6623157787;0.0006;0.0;0.0;3.47313660208;-2.01004668719;29.9670126991;1.9988;2.562;693.782;3.28394235342;-2.00940973785;34.6989114985;1.999;2.372;1396.219;2.9320492373;-2.01012509407;39.8543752787;1.999;2.027;2098.672;3.68866422858;-0.00326948733116;32.7249221766;0.0006;0.0;2819.579
4.18192199495;-0.00426913482698;23.661687949;0.0006;0.0;0.0;3.4706319839;-2.00900217105;29.9901648202;1.999;2.56;694.078;3.28095756076;-2.00969050878;34.7440847365;1.999;2.369;1396.75;2.93007271903;-2.01149193687;39.9032194351;1.999;2.025;2089.937;3.68942792975;-0.00381667544496;32.769283288;0.0006;0.0;2810.672
4.17943163354;-0.00130766859959;23.7246063266;0.0006;0.0;0.0;3.46752053619;-2.01169887627;30.0603383694;1.999;2.558;694.469;3.27798760834;-2.01098766322;34.8478901088;1.999;2.368;1397.078;2.89992330627;-2.00925916466;40.086841149;1.999;1.998;2090.078;3.6915577124;-0.00204682427546;32.5968598536;0.0006;0.0;2811.485
4.18043827175;0.00147146216665;23.762062996;0.0006;0.0;0.0;3.46632153729;-2.01346447806;30.1194851569;1.9988;2.557;693.703;3.27823322598;-2.01178526757;34.8607863656;1.999;2.368;1387.172;2.90098552488;-2.01166218057;40.0961116033;1.999;1.999;2080.609;3.69249460283;-0.00293043918386;32.6205810258;0.0006;0.0;2802.422
4.18141415991;-0.00450251279782;23.8060671401;0.0006;0.0;0.0;3.4640977804;-2.0091805039;30.1815424656;1.9988;2.556;693.985;3.27524417943;-2.01132428955;34.9484898076;1.9988;2.366;1387.156;2.88007584409;-2.01053062407;40.250787788;1.999;1.98;2080.063;3.69390712823;-0.00134803307018;32.5455784721;0.0006;0.0;2801.625
4.18081507354;-0.00283415130137;23.7135269126;0.0006;0.0;0.0;3.4607780516;-2.01103488668;30.1231420938;1.9988;2.552;694.062;3.27102453224;-2.01009428091;34.9275434952;1.9988;2.36;1387.0;2.84227490801;-2.00919422277;40.3205237257;1.9988;1.944;2080.422;3.69462621447;-0.00522918387667;32.4312034593;0.0006;0.0;2802.031
4.16970378419;-0.000850473125261;23.7073397669;0.0006;0.0;0.0;3.45186408606;-2.01076059678;30.1359506868;1.9988;2.544;693.875;3.26305317579;-2.01362932725;35.0330941838;1.9988;2.354;1387.093;2.69894918593;-2.01013635856;40.7011694021;1.999;1.814;2080.328;3.69632696524;-0.000745692050081;32.1134732285;0.0006;0.0;2793.39
4.18028372751;0.00202229680565;23.7914600852;0.0006;0.0;0.0;3.45583254576;-2.00846117178;30.2466086004;1.999;2.548;694.156;3.26529613048;-2.01084396566;35.0873321089;1.999;2.356;1387.39;2.75301563384;-2.01244751836;40.6565786782;1.9988;1.862;2080.594;3.69716968616;-0.00118780290512;32.2993628791;0.0006;0.0;2793.39
4.18115770269;-0.00438617420292;23.8028968831;0.0006;0.0;0.0;3.45405829092;-2.00956846758;30.2832873595;1.999;2.546;693.735;3.26247570834;-2.01288027782;35.1572437703;1.999;2.354;1386.782;2.70913731829;-2.00854937583;40.8042356687;1.999;1.822;2079.922;3.69667448705;-0.00245713886089;32.416754062;0.0008;0.0;2792.485
4.15754497445;-0.00248195852591;24.6985979625;0.0006;0.0;0.0;3.46624901303;-2.01373631659;30.5860540861;1.999;2.561;694.094;3.28488789241;-2.0101785723;35.012060189;1.999;2.378;1387.344;2.84860305913;-2.00691868485;40.0757755659;1.999;1.954;2080.641;3.69305943579;-0.00124476857383;32.3710969957;0.0006;0.0;2802.016
4.18851152783;-0.0012281447149;24.9077258607;0.0008;0.0;0.0;3.48180260716;-2.01163638533;30.8296000262;1.9992;2.572;694.078;3.28778576853;-2.01178028183;35.2161017255;1.9992;2.381;1396.859;2.82903217009;-2.01400534566;40.1836736635;1.999;1.937;2099.203;3.69180898291;-0.00312712884304;32.1923241278;0.0006;0.0;2820.39
